date,item,origin,price,qty
2024-01-05,きゅうり,千葉,396,110735
2024-01-05,きゅうり,宮崎,567,340271
2024-01-05,きゅうり,総計,499,644376
2024-01-05,きゅうり,高知,403,106261
2024-01-06,きゅうり,千葉,391,21705
2024-01-06,きゅうり,宮崎,496,50895
2024-01-06,きゅうり,総計,442,114651
2024-01-06,きゅうり,高知,408,23140
2024-01-08,きゅうり,千葉,403,22455
2024-01-08,きゅうり,宮崎,421,160291
2024-01-08,きゅうり,総計,415,243317
2024-01-08,きゅうり,高知,406,23233
2024-01-09,きゅうり,千葉,423,18259
2024-01-09,きゅうり,宮崎,421,101451
2024-01-09,きゅうり,総計,417,153515
2024-01-09,きゅうり,高知,402,15675
2024-01-11,きゅうり,千葉,416,30226
2024-01-11,きゅうり,宮崎,426,126520
2024-01-11,きゅうり,総計,421,219276
2024-01-11,きゅうり,高知,415,26168
2024-01-12,きゅうり,千葉,430,16640
2024-01-12,きゅうり,宮崎,433,88565
2024-01-12,きゅうり,総計,431,140691
2024-01-12,きゅうり,高知,425,15763
2024-01-13,きゅうり,千葉,438,18735
2024-01-13,きゅうり,宮崎,449,90266
2024-01-13,きゅうり,総計,441,149994
2024-01-13,きゅうり,高知,434,17360
2024-01-15,きゅうり,千葉,450,32614
2024-01-15,きゅうり,宮崎,471,126395
2024-01-15,きゅうり,総計,462,220763
2024-01-15,きゅうり,高知,442,24208
2024-01-16,きゅうり,千葉,456,18881
2024-01-16,きゅうり,宮崎,482,89264
2024-01-16,きゅうり,総計,471,146122
2024-01-16,きゅうり,高知,460,17382
2024-01-18,きゅうり,千葉,476,39735
2024-01-18,きゅうり,宮崎,513,136608
2024-01-18,きゅうり,総計,495,242793
2024-01-18,きゅうり,高知,460,28480
2024-01-19,きゅうり,千葉,481,19929
2024-01-19,きゅうり,宮崎,514,73784
2024-01-19,きゅうり,総計,499,131958
2024-01-19,きゅうり,高知,472,17691
2024-01-20,きゅうり,千葉,484,21626
2024-01-20,きゅうり,宮崎,520,78512
2024-01-20,きゅうり,総計,500,149654
2024-01-20,きゅうり,群馬,445,10335
2024-01-20,きゅうり,高知,464,16273
2024-01-22,きゅうり,千葉,479,36856
2024-01-22,きゅうり,宮崎,542,119626
2024-01-22,きゅうり,総計,519,225841
2024-01-22,きゅうり,高知,499,28991
2024-01-23,きゅうり,千葉,487,18273
2024-01-23,きゅうり,宮崎,530,73277
2024-01-23,きゅうり,総計,518,128856
2024-01-23,きゅうり,高知,499,18368
2024-01-25,きゅうり,千葉,484,29603
2024-01-25,きゅうり,宮崎,544,100763
2024-01-25,きゅうり,総計,521,195405
2024-01-25,きゅうり,群馬,512,12640
2024-01-25,きゅうり,高知,499,22478
2024-01-26,きゅうり,千葉,483,17684
2024-01-26,きゅうり,宮崎,541,62674
2024-01-26,きゅうり,総計,520,115465
2024-01-26,きゅうり,高知,493,13502
2024-01-27,きゅうり,千葉,487,19419
2024-01-27,きゅうり,宮崎,546,70565
2024-01-27,きゅうり,総計,520,135950
2024-01-27,きゅうり,群馬,509,12350
2024-01-27,きゅうり,高知,491,15172
2024-01-29,きゅうり,千葉,472,33125
2024-01-29,きゅうり,宮崎,542,97658
2024-01-29,きゅうり,総計,511,202205
2024-01-29,きゅうり,群馬,485,19222
2024-01-29,きゅうり,高知,486,25093
2024-01-30,きゅうり,千葉,474,18945
2024-01-30,きゅうり,宮崎,511,71722
2024-01-30,きゅうり,総計,503,141207
2024-01-30,きゅうり,群馬,510,15070
2024-01-30,きゅうり,高知,490,16094
2024-02-01,きゅうり,千葉,473,32271
2024-02-01,きゅうり,宮崎,533,106414
2024-02-01,きゅうり,総計,509,214197
2024-02-01,きゅうり,群馬,498,22866
2024-02-01,きゅうり,高知,494,22109
2024-02-02,きゅうり,千葉,472,21439
2024-02-02,きゅうり,宮崎,532,62151
2024-02-02,きゅうり,総計,509,127350
2024-02-02,きゅうり,群馬,482,17582
2024-02-02,きゅうり,高知,505,15244
2024-02-03,きゅうり,千葉,480,22505
2024-02-03,きゅうり,宮崎,541,71333
2024-02-03,きゅうり,総計,513,144559
2024-02-03,きゅうり,群馬,479,17835
2024-02-03,きゅうり,高知,499,14600
2024-02-05,きゅうり,千葉,497,36818
2024-02-05,きゅうり,宮崎,566,88645
2024-02-05,きゅうり,総計,530,201697
2024-02-05,きゅうり,群馬,515,26198
2024-02-05,きゅうり,高知,505,23614
2024-02-06,きゅうり,千葉,501,20497
2024-02-06,きゅうり,宮崎,562,42620
2024-02-06,きゅうり,総計,533,113037
2024-02-06,きゅうり,群馬,513,17626
2024-02-06,きゅうり,高知,530,14575
2024-02-08,きゅうり,千葉,508,29287
2024-02-08,きゅうり,宮崎,592,92792
2024-02-08,きゅうり,総計,557,187861
2024-02-08,きゅうり,群馬,547,22216
2024-02-08,きゅうり,高知,510,18926
2024-02-09,きゅうり,千葉,511,13462
2024-02-09,きゅうり,宮崎,596,53870
2024-02-09,きゅうり,総計,565,106625
2024-02-09,きゅうり,群馬,557,17296
2024-02-09,きゅうり,高知,519,13094
2024-02-10,きゅうり,千葉,508,19162
2024-02-10,きゅうり,宮崎,606,66786
2024-02-10,きゅうり,総計,565,135731
2024-02-10,きゅうり,群馬,538,16608
2024-02-10,きゅうり,高知,528,15564
2024-02-13,きゅうり,千葉,493,49808
2024-02-13,きゅうり,宮崎,554,137379
2024-02-13,きゅうり,総計,526,307624
2024-02-13,きゅうり,群馬,519,49927
2024-02-13,きゅうり,高知,512,28768
2024-02-15,きゅうり,千葉,473,33139
2024-02-15,きゅうり,宮崎,533,90139
2024-02-15,きゅうり,総計,503,218139
2024-02-15,きゅうり,群馬,490,37601
2024-02-15,きゅうり,高知,502,21168
2024-02-16,きゅうり,千葉,474,18602
2024-02-16,きゅうり,宮崎,526,52485
2024-02-16,きゅうり,総計,501,125911
2024-02-16,きゅうり,群馬,477,21725
2024-02-16,きゅうり,高知,505,17107
2024-02-17,きゅうり,千葉,476,24920
2024-02-17,きゅうり,宮崎,531,68696
2024-02-17,きゅうり,総計,504,160234
2024-02-17,きゅうり,群馬,476,26758
2024-02-17,きゅうり,高知,507,17258
2024-02-19,きゅうり,千葉,451,45970
2024-02-19,きゅうり,宮崎,506,116005
2024-02-19,きゅうり,総計,481,269118
2024-02-19,きゅうり,群馬,494,40336
2024-02-19,きゅうり,高知,460,27505
2024-02-20,きゅうり,千葉,444,27759
2024-02-20,きゅうり,宮崎,488,77776
2024-02-20,きゅうり,総計,469,171649
2024-02-20,きゅうり,群馬,458,29169
2024-02-20,きゅうり,高知,461,16438
2024-02-22,きゅうり,千葉,433,50468
2024-02-22,きゅうり,宮崎,481,112468
2024-02-22,きゅうり,総計,459,270175
2024-02-22,きゅうり,群馬,465,43099
2024-02-22,きゅうり,高知,453,24707
2024-02-23,きゅうり,千葉,432,23056
2024-02-23,きゅうり,宮崎,477,71419
2024-02-23,きゅうり,総計,461,144665
2024-02-23,きゅうり,群馬,466,19812
2024-02-23,きゅうり,高知,444,14933
2024-02-24,きゅうり,千葉,435,13134
2024-02-24,きゅうり,宮崎,480,66145
2024-02-24,きゅうり,総計,463,133818
2024-02-24,きゅうり,群馬,470,19249
2024-02-24,きゅうり,高知,448,16037
2024-02-26,きゅうり,千葉,457,19577
2024-02-26,きゅうり,宮崎,481,111862
2024-02-26,きゅうり,総計,469,205170
2024-02-26,きゅうり,群馬,479,27921
2024-02-26,きゅうり,高知,457,18094
2024-02-27,きゅうり,千葉,456,13539
2024-02-27,きゅうり,宮崎,493,64036
2024-02-27,きゅうり,総計,487,128754
2024-02-27,きゅうり,群馬,499,21860
2024-02-27,きゅうり,高知,475,10287
2024-02-29,きゅうり,千葉,483,25828
2024-02-29,きゅうり,宮崎,532,77948
2024-02-29,きゅうり,総計,508,194997
2024-02-29,きゅうり,群馬,501,42601
2024-02-29,きゅうり,高知,473,14611
2024-03-01,きゅうり,千葉,483,16664
2024-03-01,きゅうり,宮崎,528,44105
2024-03-01,きゅうり,総計,505,111113
2024-03-01,きゅうり,群馬,521,23129
2024-03-01,きゅうり,高知,422,10703
2024-03-02,きゅうり,千葉,488,16760
2024-03-02,きゅうり,宮崎,554,54531
2024-03-02,きゅうり,総計,532,136193
2024-03-02,きゅうり,群馬,548,30550
2024-03-02,きゅうり,高知,425,9789
2024-03-04,きゅうり,千葉,534,33361
2024-03-04,きゅうり,埼玉,606,14317
2024-03-04,きゅうり,宮崎,684,67947
2024-03-04,きゅうり,総計,600,202717
2024-03-04,きゅうり,群馬,587,50835
2024-03-05,きゅうり,千葉,534,17831
2024-03-05,きゅうり,埼玉,646,10197
2024-03-05,きゅうり,宮崎,691,38821
2024-03-05,きゅうり,総計,617,130749
2024-03-05,きゅうり,群馬,633,38454
2024-03-07,きゅうり,千葉,558,37332
2024-03-07,きゅうり,埼玉,634,18389
2024-03-07,きゅうり,宮崎,801,71964
2024-03-07,きゅうり,総計,660,235982
2024-03-07,きゅうり,群馬,626,62362
2024-03-08,きゅうり,千葉,543,18259
2024-03-08,きゅうり,宮崎,739,47471
2024-03-08,きゅうり,総計,638,136037
2024-03-08,きゅうり,群馬,619,35279
2024-03-08,きゅうり,高知,522,12957
2024-03-09,きゅうり,千葉,555,18526
2024-03-09,きゅうり,宮崎,692,48543
2024-03-09,きゅうり,総計,613,144202
2024-03-09,きゅうり,群馬,603,36544
2024-03-09,きゅうり,高知,485,13819
2024-03-11,きゅうり,千葉,471,31297
2024-03-11,きゅうり,埼玉,515,22526
2024-03-11,きゅうり,宮崎,600,71162
2024-03-11,きゅうり,総計,534,246344
2024-03-11,きゅうり,群馬,550,68596
2024-03-11,きゅうり,高知,450,20269
2024-03-12,きゅうり,千葉,435,17758
2024-03-12,きゅうり,宮崎,557,52767
2024-03-12,きゅうり,総計,504,156476
2024-03-12,きゅうり,群馬,516,39723
2024-03-12,きゅうり,高知,434,15140
2024-03-14,きゅうり,千葉,396,36421
2024-03-14,きゅうり,埼玉,435,22574
2024-03-14,きゅうり,宮崎,488,90679
2024-03-14,きゅうり,総計,452,279444
2024-03-14,きゅうり,群馬,473,73122
2024-03-14,きゅうり,高知,398,20514
2024-03-15,きゅうり,千葉,376,17667
2024-03-15,きゅうり,宮崎,478,46297
2024-03-15,きゅうり,総計,435,149741
2024-03-15,きゅうり,群馬,439,40778
2024-03-15,きゅうり,高知,409,16899
2024-03-16,きゅうり,千葉,367,16817
2024-03-16,きゅうり,埼玉,414,13757
2024-03-16,きゅうり,宮崎,480,51363
2024-03-16,きゅうり,総計,431,163787
2024-03-16,きゅうり,群馬,434,45168
2024-03-16,きゅうり,高知,395,16673
2024-03-18,きゅうり,千葉,346,37095
2024-03-18,きゅうり,埼玉,398,31971
2024-03-18,きゅうり,宮崎,407,84555
2024-03-18,きゅうり,総計,390,294608
2024-03-18,きゅうり,群馬,407,82885
2024-03-19,きゅうり,千葉,345,28196
2024-03-19,きゅうり,埼玉,400,18452
2024-03-19,きゅうり,宮崎,402,50981
2024-03-19,きゅうり,総計,387,201664
2024-03-19,きゅうり,群馬,403,66188
2024-03-21,きゅうり,千葉,333,55097
2024-03-21,きゅうり,埼玉,402,29905
2024-03-21,きゅうり,宮崎,382,94176
2024-03-21,きゅうり,総計,371,314778
2024-03-21,きゅうり,群馬,391,75246
2024-03-22,きゅうり,千葉,331,24833
2024-03-22,きゅうり,埼玉,410,15236
2024-03-22,きゅうり,宮崎,377,46860
2024-03-22,きゅうり,総計,372,166914
2024-03-22,きゅうり,群馬,389,45788
2024-03-22,きゅうり,高知,365,14672
2024-03-23,きゅうり,千葉,340,20854
2024-03-23,きゅうり,埼玉,410,17049
2024-03-23,きゅうり,宮崎,380,57792
2024-03-23,きゅうり,総計,380,186664
2024-03-23,きゅうり,群馬,397,50499
2024-03-23,きゅうり,高知,366,14988
2024-03-25,きゅうり,千葉,348,34303
2024-03-25,きゅうり,埼玉,417,34875
2024-03-25,きゅうり,宮崎,392,79212
2024-03-25,きゅうり,総計,382,281993
2024-03-25,きゅうり,群馬,395,74334
2024-03-25,きゅうり,高知,353,21661
2024-03-26,きゅうり,千葉,354,16458
2024-03-26,きゅうり,埼玉,422,21039
2024-03-26,きゅうり,宮崎,387,52922
2024-03-26,きゅうり,総計,384,175673
2024-03-26,きゅうり,群馬,392,51556
2024-03-28,きゅうり,千葉,350,29270
2024-03-28,きゅうり,埼玉,424,24452
2024-03-28,きゅうり,宮崎,411,80604
2024-03-28,きゅうり,総計,391,253426
2024-03-28,きゅうり,群馬,402,64700
2024-03-28,きゅうり,茨城,331,19326
2024-03-29,きゅうり,千葉,354,12693
2024-03-29,きゅうり,埼玉,427,19322
2024-03-29,きゅうり,宮崎,399,44011
2024-03-29,きゅうり,総計,391,139093
2024-03-29,きゅうり,群馬,394,38083
2024-03-30,きゅうり,千葉,354,17078
2024-03-30,きゅうり,埼玉,410,19051
2024-03-30,きゅうり,宮崎,397,49716
2024-03-30,きゅうり,総計,386,171342
2024-03-30,きゅうり,群馬,395,49535
2024-03-30,きゅうり,茨城,338,11613
2024-04-01,きゅうり,千葉,330,33164
2024-04-01,きゅうり,埼玉,389,42094
2024-04-01,きゅうり,宮崎,389,75089
2024-04-01,きゅうり,総計,372,279081
2024-04-01,きゅうり,群馬,389,76580
2024-04-02,きゅうり,千葉,328,21967
2024-04-02,きゅうり,埼玉,393,29665
2024-04-02,きゅうり,宮崎,386,37205
2024-04-02,きゅうり,総計,370,184133
2024-04-02,きゅうり,群馬,382,57823
2024-04-02,きゅうり,高知,336,13410
2024-04-04,きゅうり,千葉,340,38859
2024-04-04,きゅうり,埼玉,404,45992
2024-04-04,きゅうり,宮崎,401,67678
2024-04-04,きゅうり,総計,378,299046
2024-04-04,きゅうり,群馬,390,85074
2024-04-04,きゅうり,茨城,319,22945
2024-04-05,きゅうり,千葉,345,21541
2024-04-05,きゅうり,埼玉,421,22908
2024-04-05,きゅうり,宮崎,404,39241
2024-04-05,きゅうり,総計,387,173681
2024-04-05,きゅうり,群馬,400,52316
2024-04-05,きゅうり,高知,338,14118
2024-04-06,きゅうり,千葉,358,16557
2024-04-06,きゅうり,埼玉,417,26572
2024-04-06,きゅうり,宮崎,413,45280
2024-04-06,きゅうり,総計,394,174228
2024-04-06,きゅうり,群馬,400,49655
2024-04-06,きゅうり,茨城,336,12446
2024-04-08,きゅうり,千葉,368,21645
2024-04-08,きゅうり,埼玉,431,43396
2024-04-08,きゅうり,宮崎,440,74032
2024-04-08,きゅうり,総計,412,258441
2024-04-08,きゅうり,群馬,420,69587
2024-04-09,きゅうり,埼玉,420,38437
2024-04-09,きゅうり,宮崎,441,47418
2024-04-09,きゅうり,総計,415,181899
2024-04-09,きゅうり,群馬,419,53033
2024-04-09,きゅうり,高知,347,12621
2024-04-11,きゅうり,千葉,375,28910
2024-04-11,きゅうり,埼玉,410,59417
2024-04-11,きゅうり,宮崎,434,63622
2024-04-11,きゅうり,総計,402,303857
2024-04-11,きゅうり,群馬,414,89434
2024-04-11,きゅうり,高知,343,22486
2024-04-12,きゅうり,千葉,370,14531
2024-04-12,きゅうり,埼玉,417,33063
2024-04-12,きゅうり,宮崎,421,41803
2024-04-12,きゅうり,総計,402,169858
2024-04-12,きゅうり,群馬,416,48603
2024-04-13,きゅうり,千葉,378,16440
2024-04-13,きゅうり,埼玉,416,42407
2024-04-13,きゅうり,宮崎,429,39776
2024-04-13,きゅうり,総計,406,198386
2024-04-13,きゅうり,群馬,413,60745
2024-04-15,きゅうり,千葉,371,33618
2024-04-15,きゅうり,埼玉,412,70542
2024-04-15,きゅうり,宮崎,434,56385
2024-04-15,きゅうり,総計,401,309602
2024-04-15,きゅうり,群馬,410,89681
2024-04-16,きゅうり,千葉,375,15488
2024-04-16,きゅうり,埼玉,419,43051
2024-04-16,きゅうり,宮崎,416,31062
2024-04-16,きゅうり,総計,401,190870
2024-04-16,きゅうり,群馬,401,57240
2024-04-16,きゅうり,高知,331,11609
2024-04-18,きゅうり,千葉,379,32769
2024-04-18,きゅうり,埼玉,415,90318
2024-04-18,きゅうり,宮崎,434,46481
2024-04-18,きゅうり,総計,408,348182
2024-04-18,きゅうり,群馬,421,98819
2024-04-18,きゅうり,茨城,336,23103
2024-04-19,きゅうり,千葉,375,20253
2024-04-19,きゅうり,埼玉,416,56483
2024-04-19,きゅうり,宮崎,431,29856
2024-04-19,きゅうり,総計,407,219265
2024-04-19,きゅうり,群馬,425,61674
2024-04-19,きゅうり,茨城,359,16847
2024-04-20,きゅうり,千葉,380,23404
2024-04-20,きゅうり,埼玉,412,52180
2024-04-20,きゅうり,宮崎,435,36451
2024-04-20,きゅうり,総計,407,233714
2024-04-20,きゅうり,群馬,419,68984
2024-04-20,きゅうり,茨城,345,14223
2024-04-22,きゅうり,千葉,361,39937
2024-04-22,きゅうり,埼玉,392,87226
2024-04-22,きゅうり,宮崎,416,74712
2024-04-22,きゅうり,総計,388,384341
2024-04-22,きゅうり,群馬,399,101184
2024-04-22,きゅうり,茨城,317,24746
2024-04-23,きゅうり,千葉,351,24603
2024-04-23,きゅうり,埼玉,389,51543
2024-04-23,きゅうり,宮崎,405,40135
2024-04-23,きゅうり,総計,381,239278
2024-04-23,きゅうり,群馬,390,68582
2024-04-23,きゅうり,茨城,312,15804
2024-04-25,きゅうり,千葉,328,41569
2024-04-25,きゅうり,埼玉,376,57489
2024-04-25,きゅうり,宮崎,377,78784
2024-04-25,きゅうり,総計,360,355156
2024-04-25,きゅうり,群馬,378,88848
2024-04-25,きゅうり,茨城,283,26112
2024-04-26,きゅうり,千葉,325,18052
2024-04-26,きゅうり,埼玉,389,27532
2024-04-26,きゅうり,宮崎,376,38818
2024-04-26,きゅうり,総計,364,164685
2024-04-26,きゅうり,群馬,382,39289
2024-04-26,きゅうり,茨城,284,11293
2024-04-27,きゅうり,千葉,335,19149
2024-04-27,きゅうり,埼玉,376,43479
2024-04-27,きゅうり,宮崎,382,46736
2024-04-27,きゅうり,総計,372,201861
2024-04-27,きゅうり,群馬,396,48581
2024-04-27,きゅうり,茨城,296,11388
2024-04-30,きゅうり,千葉,303,55597
2024-04-30,きゅうり,埼玉,330,141449
2024-04-30,きゅうり,宮崎,355,79721
2024-04-30,きゅうり,総計,334,524981
2024-04-30,きゅうり,群馬,360,133272
2024-04-30,きゅうり,茨城,253,34811
2024-05-01,きゅうり,千葉,292,19790
2024-05-01,きゅうり,埼玉,328,60110
2024-05-01,きゅうり,宮崎,355,37070
2024-05-01,きゅうり,総計,328,221808
2024-05-01,きゅうり,群馬,343,55451
2024-05-01,きゅうり,茨城,258,15182
2024-05-02,きゅうり,千葉,295,22120
2024-05-02,きゅうり,埼玉,327,50919
2024-05-02,きゅうり,宮崎,348,49009
2024-05-02,きゅうり,総計,325,232980
2024-05-02,きゅうり,群馬,332,57063
2024-05-02,きゅうり,茨城,250,15308
2024-05-06,きゅうり,千葉,290,43856
2024-05-06,きゅうり,埼玉,314,165724
2024-05-06,きゅうり,宮城,330,36601
2024-05-06,きゅうり,宮崎,339,105243
2024-05-06,きゅうり,総計,322,616811
2024-05-06,きゅうり,群馬,337,173123
2024-05-07,きゅうり,千葉,295,18084
2024-05-07,きゅうり,埼玉,314,68615
2024-05-07,きゅうり,宮崎,324,30605
2024-05-07,きゅうり,総計,315,246738
2024-05-07,きゅうり,群馬,324,68399
2024-05-07,きゅうり,茨城,267,15424
2024-05-09,きゅうり,千葉,298,31345
2024-05-09,きゅうり,埼玉,320,94895
2024-05-09,きゅうり,宮城,319,32581
2024-05-09,きゅうり,宮崎,339,55435
2024-05-09,きゅうり,総計,319,388816
2024-05-09,きゅうり,群馬,327,100204
2024-05-10,きゅうり,千葉,295,18541
2024-05-10,きゅうり,埼玉,332,41309
2024-05-10,きゅうり,宮崎,334,35481
2024-05-10,きゅうり,総計,324,195650
2024-05-10,きゅうり,群馬,330,44372
2024-05-10,きゅうり,茨城,272,14046
2024-05-11,きゅうり,千葉,303,15930
2024-05-11,きゅうり,埼玉,342,40206
2024-05-11,きゅうり,宮崎,332,35832
2024-05-11,きゅうり,総計,333,204578
2024-05-11,きゅうり,群馬,339,58379
2024-05-11,きゅうり,茨城,279,13839
2024-05-13,きゅうり,千葉,318,28346
2024-05-13,きゅうり,埼玉,337,103506
2024-05-13,きゅうり,宮城,344,21550
2024-05-13,きゅうり,宮崎,355,57209
2024-05-13,きゅうり,総計,341,362064
2024-05-13,きゅうり,群馬,356,89817
2024-05-14,きゅうり,千葉,309,21575
2024-05-14,きゅうり,埼玉,331,63582
2024-05-14,きゅうり,宮崎,346,37551
2024-05-14,きゅうり,総計,338,264470
2024-05-14,きゅうり,群馬,356,67670
2024-05-14,きゅうり,茨城,298,17574
2024-05-16,きゅうり,千葉,306,36634
2024-05-16,きゅうり,埼玉,334,80470
2024-05-16,きゅうり,宮城,329,29431
2024-05-16,きゅうり,宮崎,331,64942
2024-05-16,きゅうり,総計,329,371366
2024-05-16,きゅうり,群馬,350,85063
2024-05-17,きゅうり,千葉,309,18599
2024-05-17,きゅうり,埼玉,331,66373
2024-05-17,きゅうり,宮崎,331,37860
2024-05-17,きゅうり,総計,334,240485
2024-05-17,きゅうり,群馬,357,59515
2024-05-17,きゅうり,茨城,282,14029
2024-05-18,きゅうり,千葉,305,20933
2024-05-18,きゅうり,埼玉,331,49828
2024-05-18,きゅうり,宮城,343,18022
2024-05-18,きゅうり,宮崎,334,34317
2024-05-18,きゅうり,総計,328,244923
2024-05-18,きゅうり,群馬,341,64980
2024-05-20,きゅうり,千葉,297,32051
2024-05-20,きゅうり,埼玉,309,100307
2024-05-20,きゅうり,宮崎,329,59791
2024-05-20,きゅうり,総計,316,387174
2024-05-20,きゅうり,群馬,330,93259
2024-05-20,きゅうり,茨城,258,26824
2024-05-21,きゅうり,千葉,289,20205
2024-05-21,きゅうり,埼玉,308,62188
2024-05-21,きゅうり,宮崎,329,41047
2024-05-21,きゅうり,総計,314,260616
2024-05-21,きゅうり,群馬,324,64719
2024-05-21,きゅうり,茨城,259,17271
2024-05-23,きゅうり,千葉,282,29604
2024-05-23,きゅうり,埼玉,290,100943
2024-05-23,きゅうり,宮城,302,32761
2024-05-23,きゅうり,宮崎,312,63720
2024-05-23,きゅうり,総計,299,420508
2024-05-23,きゅうり,群馬,312,106057
2024-05-24,きゅうり,千葉,280,15608
2024-05-24,きゅうり,埼玉,291,55887
2024-05-24,きゅうり,宮城,313,14745
2024-05-24,きゅうり,宮崎,304,36002
2024-05-24,きゅうり,総計,298,234308
2024-05-24,きゅうり,群馬,309,61203
2024-05-25,きゅうり,千葉,278,17924
2024-05-25,きゅうり,埼玉,286,61989
2024-05-25,きゅうり,宮城,309,15899
2024-05-25,きゅうり,宮崎,299,40370
2024-05-25,きゅうり,総計,296,266413
2024-05-25,きゅうり,群馬,309,65343
2024-05-27,きゅうり,千葉,263,32983
2024-05-27,きゅうり,埼玉,255,108712
2024-05-27,きゅうり,宮城,274,36627
2024-05-27,きゅうり,宮崎,278,63981
2024-05-27,きゅうり,総計,269,455851
2024-05-27,きゅうり,群馬,280,112459
2024-05-28,きゅうり,千葉,245,22622
2024-05-28,きゅうり,埼玉,249,56772
2024-05-28,きゅうり,宮崎,265,37716
2024-05-28,きゅうり,福島,320,19825
2024-05-28,きゅうり,総計,259,277221
2024-05-28,きゅうり,群馬,259,73404
2024-05-30,きゅうり,千葉,207,36192
2024-05-30,きゅうり,埼玉,226,86569
2024-05-30,きゅうり,宮城,226,41961
2024-05-30,きゅうり,宮崎,254,66769
2024-05-30,きゅうり,総計,236,443878
2024-05-30,きゅうり,群馬,246,101912
2024-05-31,きゅうり,千葉,222,17964
2024-05-31,きゅうり,埼玉,231,48957
2024-05-31,きゅうり,宮城,239,15814
2024-05-31,きゅうり,宮崎,247,32306
2024-05-31,きゅうり,総計,239,222704
2024-05-31,きゅうり,群馬,248,53642
2024-06-01,きゅうり,埼玉,214,64584
2024-06-01,きゅうり,宮崎,239,27675
2024-06-01,きゅうり,福島,290,20517
2024-06-01,きゅうり,総計,237,256202
2024-06-01,きゅうり,群馬,244,76547
2024-06-01,きゅうり,茨城,193,15679
2024-06-03,きゅうり,千葉,210,28093
2024-06-03,きゅうり,埼玉,219,83445
2024-06-03,きゅうり,宮城,235,34077
2024-06-03,きゅうり,福島,288,30515
2024-06-03,きゅうり,総計,234,347611
2024-06-03,きゅうり,群馬,239,93409
2024-06-04,きゅうり,埼玉,234,43740
2024-06-04,きゅうり,宮城,253,16241
2024-06-04,きゅうり,宮崎,204,19828
2024-06-04,きゅうり,福島,291,21685
2024-06-04,きゅうり,総計,239,200523
2024-06-04,きゅうり,群馬,239,56146
2024-06-06,きゅうり,千葉,220,19495
2024-06-06,きゅうり,埼玉,232,72379
2024-06-06,きゅうり,宮城,248,24703
2024-06-06,きゅうり,福島,292,29804
2024-06-06,きゅうり,総計,247,291276
2024-06-06,きゅうり,群馬,250,74793
2024-06-07,きゅうり,埼玉,231,50617
2024-06-07,きゅうり,宮城,271,13825
2024-06-07,きゅうり,福島,306,20663
2024-06-07,きゅうり,総計,252,178217
2024-06-07,きゅうり,群馬,256,43062
2024-06-07,きゅうり,茨城,226,10689
2024-06-08,きゅうり,埼玉,249,59582
2024-06-08,きゅうり,宮城,267,15986
2024-06-08,きゅうり,宮崎,238,13670
2024-06-08,きゅうり,福島,307,32219
2024-06-08,きゅうり,総計,260,229904
2024-06-08,きゅうり,群馬,259,59292
2024-06-10,きゅうり,千葉,230,29935
2024-06-10,きゅうり,埼玉,241,116468
2024-06-10,きゅうり,宮城,255,35560
2024-06-10,きゅうり,福島,305,40164
2024-06-10,きゅうり,総計,255,393459
2024-06-10,きゅうり,群馬,260,98689
2024-06-11,きゅうり,埼玉,238,66139
2024-06-11,きゅうり,宮城,256,22215
2024-06-11,きゅうり,福島,294,36345
2024-06-11,きゅうり,総計,251,276485
2024-06-11,きゅうり,群馬,257,71281
2024-06-11,きゅうり,茨城,210,18760
2024-06-13,きゅうり,千葉,204,31231
2024-06-13,きゅうり,埼玉,209,101690
2024-06-13,きゅうり,宮城,222,43020
2024-06-13,きゅうり,福島,275,56983
2024-06-13,きゅうり,総計,229,410885
2024-06-13,きゅうり,群馬,233,99197
2024-06-14,きゅうり,千葉,194,16253
2024-06-14,きゅうり,埼玉,200,61826
2024-06-14,きゅうり,宮城,221,25309
2024-06-14,きゅうり,福島,264,37587
2024-06-14,きゅうり,総計,221,255366
2024-06-14,きゅうり,群馬,224,68065
2024-06-15,きゅうり,千葉,190,19075
2024-06-15,きゅうり,埼玉,197,59289
2024-06-15,きゅうり,宮城,216,23974
2024-06-15,きゅうり,福島,262,45570
2024-06-15,きゅうり,総計,214,281457
2024-06-15,きゅうり,群馬,211,78142
2024-06-17,きゅうり,千葉,178,31433
2024-06-17,きゅうり,埼玉,169,101697
2024-06-17,きゅうり,宮城,194,42307
2024-06-17,きゅうり,福島,246,83488
2024-06-17,きゅうり,総計,193,446501
2024-06-17,きゅうり,群馬,179,105064
2024-06-18,きゅうり,千葉,168,17226
2024-06-18,きゅうり,埼玉,170,55312
2024-06-18,きゅうり,宮城,203,22211
2024-06-18,きゅうり,福島,246,44565
2024-06-18,きゅうり,総計,189,261759
2024-06-18,きゅうり,群馬,176,68967
2024-06-20,きゅうり,千葉,173,23888
2024-06-20,きゅうり,埼玉,165,69248
2024-06-20,きゅうり,宮城,186,36062
2024-06-20,きゅうり,福島,242,80349
2024-06-20,きゅうり,総計,191,364376
2024-06-20,きゅうり,群馬,171,83045
2024-06-21,きゅうり,千葉,177,9523
2024-06-21,きゅうり,埼玉,175,44964
2024-06-21,きゅうり,宮城,206,17195
2024-06-21,きゅうり,福島,239,39181
2024-06-21,きゅうり,総計,201,187665
2024-06-21,きゅうり,群馬,187,40081
2024-06-22,きゅうり,千葉,174,13252
2024-06-22,きゅうり,埼玉,163,49524
2024-06-22,きゅうり,宮城,202,18191
2024-06-22,きゅうり,福島,244,50442
2024-06-22,きゅうり,総計,197,218521
2024-06-22,きゅうり,群馬,184,47650
2024-06-24,きゅうり,千葉,173,18689
2024-06-24,きゅうり,埼玉,176,52028
2024-06-24,きゅうり,宮城,191,35452
2024-06-24,きゅうり,福島,255,83853
2024-06-24,きゅうり,総計,206,315874
2024-06-24,きゅうり,群馬,176,61895
2024-06-25,きゅうり,千葉,174,9827
2024-06-25,きゅうり,埼玉,181,31978
2024-06-25,きゅうり,宮城,206,17691
2024-06-25,きゅうり,福島,250,46482
2024-06-25,きゅうり,総計,211,177514
2024-06-25,きゅうり,群馬,197,33984
2024-06-27,きゅうり,千葉,184,18704
2024-06-27,きゅうり,埼玉,191,59026
2024-06-27,きゅうり,宮城,207,26703
2024-06-27,きゅうり,福島,269,81546
2024-06-27,きゅうり,総計,221,300827
2024-06-27,きゅうり,群馬,195,45988
2024-06-28,きゅうり,千葉,180,10813
2024-06-28,きゅうり,埼玉,209,28396
2024-06-28,きゅうり,宮城,231,15814
2024-06-28,きゅうり,福島,274,42894
2024-06-28,きゅうり,総計,231,171145
2024-06-28,きゅうり,群馬,207,31300
2024-06-29,きゅうり,千葉,195,10288
2024-06-29,きゅうり,埼玉,206,33100
2024-06-29,きゅうり,宮城,241,12207
2024-06-29,きゅうり,福島,289,49062
2024-06-29,きゅうり,総計,237,173176
2024-06-29,きゅうり,群馬,209,30527
2024-07-01,きゅうり,千葉,221,16307
2024-07-01,きゅうり,埼玉,247,34822
2024-07-01,きゅうり,宮城,269,24758
2024-07-01,きゅうり,福島,314,92242
2024-07-01,きゅうり,総計,281,275532
2024-07-01,きゅうり,群馬,255,38766
2024-07-02,きゅうり,埼玉,266,19476
2024-07-02,きゅうり,宮城,304,12832
2024-07-02,きゅうり,福島,334,66931
2024-07-02,きゅうり,総計,301,174891
2024-07-02,きゅうり,群馬,256,19231
2024-07-02,きゅうり,茨城,228,10159
2024-07-04,きゅうり,千葉,255,17407
2024-07-04,きゅうり,埼玉,278,31211
2024-07-04,きゅうり,宮城,308,18417
2024-07-04,きゅうり,福島,359,112750
2024-07-04,きゅうり,総計,325,281048
2024-07-04,きゅうり,群馬,297,25165
2024-07-05,きゅうり,千葉,259,10838
2024-07-05,きゅうり,埼玉,280,18860
2024-07-05,きゅうり,福島,364,75570
2024-07-05,きゅうり,秋田,292,11365
2024-07-05,きゅうり,総計,329,179633
2024-07-05,きゅうり,群馬,292,14774
2024-07-06,きゅうり,埼玉,275,14085
2024-07-06,きゅうり,岩手,348,13170
2024-07-06,きゅうり,福島,358,81168
2024-07-06,きゅうり,秋田,308,12575
2024-07-06,きゅうり,総計,331,186906
2024-07-06,きゅうり,群馬,295,14757
2024-07-08,きゅうり,宮城,315,18463
2024-07-08,きゅうり,岩手,333,27436
2024-07-08,きゅうり,福島,361,144219
2024-07-08,きゅうり,秋田,297,30744
2024-07-08,きゅうり,総計,329,325221
2024-07-08,きゅうり,群馬,291,19310
2024-07-09,きゅうり,宮城,336,11026
2024-07-09,きゅうり,岩手,347,18941
2024-07-09,きゅうり,福島,371,90030
2024-07-09,きゅうり,秋田,313,17728
2024-07-09,きゅうり,総計,345,198873
2024-07-09,きゅうり,群馬,282,9935
2024-07-11,きゅうり,千葉,298,18246
2024-07-11,きゅうり,岩手,347,39019
2024-07-11,きゅうり,福島,401,134359
2024-07-11,きゅうり,秋田,331,30132
2024-07-11,きゅうり,総計,362,313434
2024-07-11,きゅうり,群馬,303,15480
2024-07-12,きゅうり,千葉,298,8980
2024-07-12,きゅうり,岩手,363,22748
2024-07-12,きゅうり,福島,414,69180
2024-07-12,きゅうり,秋田,338,15742
2024-07-12,きゅうり,総計,378,165207
2024-07-12,きゅうり,茨城,285,7846
2024-07-13,きゅうり,北海道,548,10540
2024-07-13,きゅうり,千葉,311,9191
2024-07-13,きゅうり,岩手,378,25896
2024-07-13,きゅうり,福島,431,69760
2024-07-13,きゅうり,秋田,370,16350
2024-07-13,きゅうり,総計,399,172333
2024-07-16,きゅうり,千葉,353,19691
2024-07-16,きゅうり,山形,446,21149
2024-07-16,きゅうり,岩手,403,77086
2024-07-16,きゅうり,福島,443,181409
2024-07-16,きゅうり,秋田,369,36835
2024-07-16,きゅうり,総計,416,415693
2024-07-18,きゅうり,千葉,374,12418
2024-07-18,きゅうり,山形,475,18470
2024-07-18,きゅうり,岩手,420,65180
2024-07-18,きゅうり,福島,454,134035
2024-07-18,きゅうり,秋田,409,37223
2024-07-18,きゅうり,総計,434,318888
2024-07-19,きゅうり,宮城,402,10103
2024-07-19,きゅうり,山形,471,10637
2024-07-19,きゅうり,岩手,420,37720
2024-07-19,きゅうり,福島,456,79190
2024-07-19,きゅうり,秋田,406,22738
2024-07-19,きゅうり,総計,434,189747
2024-07-20,きゅうり,北海道,583,14740
2024-07-20,きゅうり,山形,464,10670
2024-07-20,きゅうり,岩手,423,56822
2024-07-20,きゅうり,福島,456,83021
2024-07-20,きゅうり,秋田,410,26287
2024-07-20,きゅうり,総計,441,228483
2024-07-22,きゅうり,山形,439,20177
2024-07-22,きゅうり,岩手,412,102877
2024-07-22,きゅうり,福島,448,151916
2024-07-22,きゅうり,秋田,390,52239
2024-07-22,きゅうり,総計,423,406621
2024-07-23,きゅうり,北海道,481,10224
2024-07-23,きゅうり,山形,419,11768
2024-07-23,きゅうり,岩手,408,56404
2024-07-23,きゅうり,福島,440,90486
2024-07-23,きゅうり,秋田,402,21302
2024-07-23,きゅうり,総計,419,228753
2024-07-25,きゅうり,山形,431,17176
2024-07-25,きゅうり,岩手,400,98103
2024-07-25,きゅうり,福島,429,169580
2024-07-25,きゅうり,秋田,385,44288
2024-07-25,きゅうり,総計,409,401054
2024-07-26,きゅうり,山形,425,11356
2024-07-26,きゅうり,岩手,396,55444
2024-07-26,きゅうり,福島,431,97562
2024-07-26,きゅうり,秋田,399,23913
2024-07-26,きゅうり,総計,410,227554
2024-07-27,きゅうり,岩手,406,52486
2024-07-27,きゅうり,福島,431,90456
2024-07-27,きゅうり,秋田,391,20175
2024-07-27,きゅうり,総計,409,216019
2024-07-27,きゅうり,青森,389,13982
2024-07-29,きゅうり,山形,430,18356
2024-07-29,きゅうり,岩手,408,74929
2024-07-29,きゅうり,福島,433,165504
2024-07-29,きゅうり,秋田,390,34665
2024-07-29,きゅうり,総計,417,358771
2024-07-30,きゅうり,岩手,412,44537
2024-07-30,きゅうり,福島,431,103161
2024-07-30,きゅうり,秋田,396,17757
2024-07-30,きゅうり,総計,417,221358
2024-07-30,きゅうり,青森,405,13247
2024-08-01,きゅうり,山形,424,15077
2024-08-01,きゅうり,岩手,415,82047
2024-08-01,きゅうり,福島,438,179118
2024-08-01,きゅうり,秋田,393,28667
2024-08-01,きゅうり,総計,421,367537
2024-08-02,きゅうり,岩手,416,51713
2024-08-02,きゅうり,福島,432,104685
2024-08-02,きゅうり,秋田,380,16501
2024-08-02,きゅうり,総計,416,215016
2024-08-03,きゅうり,岩手,412,56175
2024-08-03,きゅうり,福島,433,105772
2024-08-03,きゅうり,秋田,389,16312
2024-08-03,きゅうり,総計,415,224980
2024-08-03,きゅうり,青森,369,12262
2024-08-05,きゅうり,岩手,404,114901
2024-08-05,きゅうり,福島,412,199795
2024-08-05,きゅうり,秋田,389,36407
2024-08-05,きゅうり,総計,406,423517
2024-08-06,きゅうり,岩手,393,70028
2024-08-06,きゅうり,福島,393,120837
2024-08-06,きゅうり,秋田,390,23564
2024-08-06,きゅうり,総計,392,273985
2024-08-06,きゅうり,青森,375,12752
2024-08-08,きゅうり,岩手,362,124941
2024-08-08,きゅうり,福島,375,190636
2024-08-08,きゅうり,秋田,356,47538
2024-08-08,きゅうり,総計,369,445049
2024-08-09,きゅうり,岩手,369,57560
2024-08-09,きゅうり,福島,388,100706
2024-08-09,きゅうり,秋田,368,23010
2024-08-09,きゅうり,総計,378,218703
2024-08-10,きゅうり,岩手,373,47830
2024-08-10,きゅうり,福島,389,91696
2024-08-10,きゅうり,秋田,358,21751
2024-08-10,きゅうり,総計,379,206825
2024-08-10,きゅうり,青森,384,11488
2024-08-12,きゅうり,岩手,389,87900
2024-08-12,きゅうり,福島,447,150637
2024-08-12,きゅうり,秋田,385,38937
2024-08-12,きゅうり,総計,421,340539
2024-08-13,きゅうり,岩手,401,50065
2024-08-13,きゅうり,福島,457,97543
2024-08-13,きゅうり,秋田,393,19369
2024-08-13,きゅうり,総計,437,218873
2024-08-13,きゅうり,青森,456,12109
2024-08-17,きゅうり,岩手,394,191482
2024-08-17,きゅうり,福島,450,363485
2024-08-17,きゅうり,秋田,371,85387
2024-08-17,きゅうり,総計,424,784512
2024-08-19,きゅうり,岩手,388,110878
2024-08-19,きゅうり,福島,432,167328
2024-08-19,きゅうり,秋田,346,40768
2024-08-19,きゅうり,総計,408,397836
2024-08-20,きゅうり,岩手,402,57598
2024-08-20,きゅうり,福島,419,99128
2024-08-20,きゅうり,秋田,341,24907
2024-08-20,きゅうり,総計,404,238964
2024-08-20,きゅうり,青森,372,13179
2024-08-22,きゅうり,山形,421,23235
2024-08-22,きゅうり,岩手,376,120854
2024-08-22,きゅうり,福島,426,169457
2024-08-22,きゅうり,秋田,358,43950
2024-08-22,きゅうり,総計,398,423213
2024-08-23,きゅうり,宮城,395,15054
2024-08-23,きゅうり,岩手,370,67555
2024-08-23,きゅうり,福島,426,98428
2024-08-23,きゅうり,秋田,366,27013
2024-08-23,きゅうり,総計,400,242155
2024-08-24,きゅうり,宮城,398,17827
2024-08-24,きゅうり,岩手,382,60759
2024-08-24,きゅうり,福島,425,100640
2024-08-24,きゅうり,秋田,359,24766
2024-08-24,きゅうり,総計,401,247081
2024-08-26,きゅうり,宮城,391,29999
2024-08-26,きゅうり,岩手,373,122639
2024-08-26,きゅうり,福島,430,185961
2024-08-26,きゅうり,秋田,356,45214
2024-08-26,きゅうり,総計,401,455133
2024-08-27,きゅうり,宮城,395,17326
2024-08-27,きゅうり,岩手,376,64813
2024-08-27,きゅうり,福島,420,113473
2024-08-27,きゅうり,秋田,360,24234
2024-08-27,きゅうり,総計,399,272475
2024-08-29,きゅうり,宮城,405,31845
2024-08-29,きゅうり,岩手,365,101330
2024-08-29,きゅうり,福島,432,168417
2024-08-29,きゅうり,秋田,349,43587
2024-08-29,きゅうり,総計,401,420826
2024-08-30,きゅうり,宮城,395,20034
2024-08-30,きゅうり,岩手,370,45523
2024-08-30,きゅうり,福島,423,99483
2024-08-30,きゅうり,秋田,364,20186
2024-08-30,きゅうり,総計,404,231171
2024-08-31,きゅうり,宮城,416,19213
2024-08-31,きゅうり,岩手,392,42424
2024-08-31,きゅうり,福島,432,92697
2024-08-31,きゅうり,秋田,362,19998
2024-08-31,きゅうり,総計,413,227642
2024-08-31,きゅうり,群馬,383,11532
2024-09-02,きゅうり,宮城,443,30856
2024-09-02,きゅうり,岩手,391,71355
2024-09-02,きゅうり,福島,464,136313
2024-09-02,きゅうり,秋田,376,35698
2024-09-02,きゅうり,総計,437,355028
2024-09-02,きゅうり,茨城,425,15339
2024-09-03,きゅうり,宮城,442,14668
2024-09-03,きゅうり,岩手,403,32939
2024-09-03,きゅうり,福島,451,85022
2024-09-03,きゅうり,秋田,383,18265
2024-09-03,きゅうり,総計,440,209155
2024-09-03,きゅうり,茨城,428,10635
2024-09-05,きゅうり,宮城,462,25887
2024-09-05,きゅうり,岩手,399,55328
2024-09-05,きゅうり,福島,480,131291
2024-09-05,きゅうり,秋田,384,30657
2024-09-05,きゅうり,総計,449,329161
2024-09-05,きゅうり,茨城,373,19563
2024-09-06,きゅうり,宮城,488,12350
2024-09-06,きゅうり,岩手,426,24841
2024-09-06,きゅうり,福島,496,62446
2024-09-06,きゅうり,秋田,401,10818
2024-09-06,きゅうり,総計,474,156012
2024-09-06,きゅうり,群馬,482,9945
2024-09-07,きゅうり,埼玉,514,12240
2024-09-07,きゅうり,宮城,496,15045
2024-09-07,きゅうり,岩手,418,29534
2024-09-07,きゅうり,福島,526,68060
2024-09-07,きゅうり,総計,502,183399
2024-09-07,きゅうり,群馬,539,13178
2024-09-09,きゅうり,埼玉,507,36878
2024-09-09,きゅうり,宮城,509,32857
2024-09-09,きゅうり,岩手,454,57709
2024-09-09,きゅうり,福島,537,131295
2024-09-09,きゅうり,総計,514,378868
2024-09-09,きゅうり,群馬,555,32578
2024-09-10,きゅうり,埼玉,507,26527
2024-09-10,きゅうり,宮城,514,19691
2024-09-10,きゅうり,岩手,462,35362
2024-09-10,きゅうり,福島,516,79235
2024-09-10,きゅうり,総計,506,259689
2024-09-10,きゅうり,群馬,554,25663
2024-09-12,きゅうり,埼玉,453,47477
2024-09-12,きゅうり,宮城,481,36356
2024-09-12,きゅうり,岩手,443,56477
2024-09-12,きゅうり,福島,483,135046
2024-09-12,きゅうり,総計,470,418864
2024-09-12,きゅうり,群馬,508,48702
2024-09-13,きゅうり,埼玉,438,31992
2024-09-13,きゅうり,宮城,467,20185
2024-09-13,きゅうり,岩手,423,33851
2024-09-13,きゅうり,福島,451,72409
2024-09-13,きゅうり,総計,447,244680
2024-09-13,きゅうり,群馬,504,32549
2024-09-14,きゅうり,埼玉,410,36441
2024-09-14,きゅうり,岩手,402,34108
2024-09-14,きゅうり,福島,433,74693
2024-09-14,きゅうり,秋田,375,22385
2024-09-14,きゅうり,総計,428,267883
2024-09-14,きゅうり,群馬,496,33908
2024-09-17,きゅうり,埼玉,371,82760
2024-09-17,きゅうり,宮城,397,43423
2024-09-17,きゅうり,岩手,347,78697
2024-09-17,きゅうり,福島,405,159719
2024-09-17,きゅうり,総計,390,608968
2024-09-17,きゅうり,群馬,444,101424
2024-09-18,きゅうり,埼玉,377,22987
2024-09-18,きゅうり,岩手,340,19216
2024-09-18,きゅうり,福島,401,48242
2024-09-18,きゅうり,秋田,326,15323
2024-09-18,きゅうり,総計,383,195138
2024-09-18,きゅうり,群馬,420,36536
2024-09-19,きゅうり,埼玉,382,29589
2024-09-19,きゅうり,岩手,343,18663
2024-09-19,きゅうり,福島,406,44697
2024-09-19,きゅうり,総計,392,202016
2024-09-19,きゅうり,群馬,431,43523
2024-09-19,きゅうり,茨城,338,13242
2024-09-20,きゅうり,埼玉,397,28360
2024-09-20,きゅうり,岩手,348,17019
2024-09-20,きゅうり,福島,413,47764
2024-09-20,きゅうり,総計,401,201201
2024-09-20,きゅうり,群馬,434,47263
2024-09-20,きゅうり,茨城,353,13247
2024-09-21,きゅうり,埼玉,407,31995
2024-09-21,きゅうり,岩手,345,19504
2024-09-21,きゅうり,福島,395,52086
2024-09-21,きゅうり,秋田,342,13581
2024-09-21,きゅうり,総計,399,225275
2024-09-21,きゅうり,群馬,447,49540
2024-09-24,きゅうり,埼玉,412,69572
2024-09-24,きゅうり,岩手,341,42201
2024-09-24,きゅうり,福島,415,76999
2024-09-24,きゅうり,総計,405,438173
2024-09-24,きゅうり,群馬,442,112354
2024-09-24,きゅうり,茨城,352,29151
2024-09-25,きゅうり,埼玉,430,19210
2024-09-25,きゅうり,岩手,351,9599
2024-09-25,きゅうり,福島,424,21963
2024-09-25,きゅうり,総計,421,133991
2024-09-25,きゅうり,群馬,456,40335
2024-09-25,きゅうり,茨城,372,10298
2024-09-26,きゅうり,埼玉,470,21276
2024-09-26,きゅうり,岩手,364,7675
2024-09-26,きゅうり,福島,436,23504
2024-09-26,きゅうり,総計,447,133304
2024-09-26,きゅうり,群馬,476,40685
2024-09-26,きゅうり,茨城,412,9425
2024-09-27,きゅうり,埼玉,514,23198
2024-09-27,きゅうり,宮城,496,7442
2024-09-27,きゅうり,福島,466,22391
2024-09-27,きゅうり,総計,467,128625
2024-09-27,きゅうり,群馬,498,33519
2024-09-27,きゅうり,茨城,352,13219
2024-09-28,きゅうり,埼玉,568,30303
2024-09-28,きゅうり,宮城,519,10753
2024-09-28,きゅうり,福島,472,28399
2024-09-28,きゅうり,総計,513,167278
2024-09-28,きゅうり,群馬,536,41865
2024-09-28,きゅうり,茨城,459,9929
2024-09-30,きゅうり,北海道,590,28975
2024-09-30,きゅうり,埼玉,563,54955
2024-09-30,きゅうり,宮城,526,25368
2024-09-30,きゅうり,福島,501,41540
2024-09-30,きゅうり,総計,531,303186
2024-09-30,きゅうり,群馬,571,72244
2024-10-01,きゅうり,埼玉,577,30654
2024-10-01,きゅうり,宮城,555,13701
2024-10-01,きゅうり,福島,512,30174
2024-10-01,きゅうり,総計,530,186282
2024-10-01,きゅうり,群馬,563,48657
2024-10-01,きゅうり,茨城,489,12074
2024-10-03,きゅうり,埼玉,498,62554
2024-10-03,きゅうり,宮城,500,21844
2024-10-03,きゅうり,福島,485,42367
2024-10-03,きゅうり,総計,503,293223
2024-10-03,きゅうり,群馬,560,79535
2024-10-03,きゅうり,茨城,449,21144
2024-10-04,きゅうり,埼玉,476,39072
2024-10-04,きゅうり,宮城,496,13566
2024-10-04,きゅうり,福島,469,25438
2024-10-04,きゅうり,総計,486,180719
2024-10-04,きゅうり,群馬,542,52828
2024-10-04,きゅうり,茨城,422,14655
2024-10-05,きゅうり,埼玉,490,28407
2024-10-05,きゅうり,宮城,478,13522
2024-10-05,きゅうり,福島,456,28364
2024-10-05,きゅうり,総計,477,190525
2024-10-05,きゅうり,群馬,546,53439
2024-10-05,きゅうり,茨城,402,15477
2024-10-07,きゅうり,埼玉,503,35793
2024-10-07,きゅうり,宮城,475,20587
2024-10-07,きゅうり,福島,472,27686
2024-10-07,きゅうり,総計,483,222214
2024-10-07,きゅうり,群馬,528,66618
2024-10-07,きゅうり,茨城,402,20519
2024-10-08,きゅうり,埼玉,507,33375
2024-10-08,きゅうり,宮城,508,13088
2024-10-08,きゅうり,福島,475,25786
2024-10-08,きゅうり,総計,487,160634
2024-10-08,きゅうり,群馬,526,39719
2024-10-08,きゅうり,茨城,413,9414
2024-10-10,きゅうり,埼玉,508,48780
2024-10-10,きゅうり,宮城,485,19562
2024-10-10,きゅうり,福島,483,27411
2024-10-10,きゅうり,総計,495,231847
2024-10-10,きゅうり,群馬,529,68689
2024-10-10,きゅうり,茨城,441,17914
2024-10-11,きゅうり,埼玉,523,23102
2024-10-11,きゅうり,宮城,500,9240
2024-10-11,きゅうり,福島,483,11969
2024-10-11,きゅうり,総計,505,109224
2024-10-11,きゅうり,群馬,538,33383
2024-10-11,きゅうり,茨城,435,8017
2024-10-12,きゅうり,埼玉,525,22780
2024-10-12,きゅうり,宮城,503,7273
2024-10-12,きゅうり,福島,472,13243
2024-10-12,きゅうり,総計,490,124829
2024-10-12,きゅうり,群馬,536,34598
2024-10-12,きゅうり,茨城,344,12255
2024-10-15,きゅうり,埼玉,518,68077
2024-10-15,きゅうり,宮城,505,20578
2024-10-15,きゅうり,福島,499,31967
2024-10-15,きゅうり,総計,511,289577
2024-10-15,きゅうり,群馬,536,92797
2024-10-15,きゅうり,茨城,455,20026
2024-10-16,きゅうり,埼玉,542,27376
2024-10-16,きゅうり,宮城,530,9478
2024-10-16,きゅうり,福島,496,12965
2024-10-16,きゅうり,総計,529,120309
2024-10-16,きゅうり,群馬,546,36039
2024-10-16,きゅうり,茨城,476,8739
2024-10-17,きゅうり,埼玉,557,30487
2024-10-17,きゅうり,宮崎,662,9661
2024-10-17,きゅうり,福島,518,17069
2024-10-17,きゅうり,総計,546,146571
2024-10-17,きゅうり,群馬,558,40730
2024-10-17,きゅうり,茨城,499,10003
2024-10-18,きゅうり,埼玉,576,35974
2024-10-18,きゅうり,宮城,535,10303
2024-10-18,きゅうり,福島,546,12401
2024-10-18,きゅうり,総計,559,139705
2024-10-18,きゅうり,群馬,576,42707
2024-10-18,きゅうり,茨城,496,9210
2024-10-19,きゅうり,千葉,566,11373
2024-10-19,きゅうり,埼玉,576,44173
2024-10-19,きゅうり,宮崎,642,15116
2024-10-19,きゅうり,福島,542,20881
2024-10-19,きゅうり,総計,560,196114
2024-10-19,きゅうり,群馬,571,54285
2024-10-21,きゅうり,埼玉,541,68815
2024-10-21,きゅうり,宮城,509,18042
2024-10-21,きゅうり,福島,519,22994
2024-10-21,きゅうり,総計,530,268570
2024-10-21,きゅうり,群馬,548,80890
2024-10-21,きゅうり,茨城,472,18312
2024-10-22,きゅうり,埼玉,533,30256
2024-10-22,きゅうり,宮城,512,9872
2024-10-22,きゅうり,福島,489,19417
2024-10-22,きゅうり,総計,518,152842
2024-10-22,きゅうり,群馬,547,42887
2024-10-22,きゅうり,茨城,477,11972
2024-10-24,きゅうり,埼玉,507,52797
2024-10-24,きゅうり,宮城,490,15300
2024-10-24,きゅうり,宮崎,580,15052
2024-10-24,きゅうり,福島,494,17618
2024-10-24,きゅうり,総計,507,217407
2024-10-24,きゅうり,群馬,528,61472
2024-10-25,きゅうり,千葉,500,6873
2024-10-25,きゅうり,埼玉,519,26745
2024-10-25,きゅうり,宮城,499,10423
2024-10-25,きゅうり,福島,483,14599
2024-10-25,きゅうり,総計,505,123292
2024-10-25,きゅうり,群馬,516,34216
2024-10-26,きゅうり,埼玉,546,26093
2024-10-26,きゅうり,宮崎,583,14100
2024-10-26,きゅうり,福島,496,14762
2024-10-26,きゅうり,総計,517,141443
2024-10-26,きゅうり,群馬,525,34106
2024-10-26,きゅうり,茨城,428,11318
2024-10-28,きゅうり,千葉,590,11239
2024-10-28,きゅうり,埼玉,597,37770
2024-10-28,きゅうり,宮城,541,13609
2024-10-28,きゅうり,福島,540,17122
2024-10-28,きゅうり,総計,570,174984
2024-10-28,きゅうり,群馬,575,52381
2024-10-29,きゅうり,千葉,628,8730
2024-10-29,きゅうり,埼玉,642,25936
2024-10-29,きゅうり,宮崎,724,13693
2024-10-29,きゅうり,福島,594,11041
2024-10-29,きゅうり,総計,616,118649
2024-10-29,きゅうり,群馬,595,31207
2024-10-31,きゅうり,千葉,636,12074
2024-10-31,きゅうり,埼玉,680,32983
2024-10-31,きゅうり,宮崎,802,18948
2024-10-31,きゅうり,福島,605,14278
2024-10-31,きゅうり,総計,649,165739
2024-10-31,きゅうり,群馬,620,40549
2024-11-01,きゅうり,埼玉,711,22637
2024-11-01,きゅうり,宮城,637,5294
2024-11-01,きゅうり,宮崎,836,10141
2024-11-01,きゅうり,福島,672,7901
2024-11-01,きゅうり,総計,685,90880
2024-11-01,きゅうり,群馬,633,21221
2024-11-02,きゅうり,埼玉,753,24793
2024-11-02,きゅうり,宮崎,1022,15858
2024-11-02,きゅうり,福島,695,9431
2024-11-02,きゅうり,総計,756,110582
2024-11-02,きゅうり,群馬,667,25466
2024-11-02,きゅうり,茨城,699,7905
2024-11-05,きゅうり,千葉,725,14365
2024-11-05,きゅうり,埼玉,756,60458
2024-11-05,きゅうり,宮崎,1129,31891
2024-11-05,きゅうり,福島,704,20213
2024-11-05,きゅうり,総計,785,243509
2024-11-05,きゅうり,群馬,741,60554
2024-11-06,きゅうり,埼玉,780,21911
2024-11-06,きゅうり,宮城,710,4806
2024-11-06,きゅうり,宮崎,973,14776
2024-11-06,きゅうり,福島,771,6596
2024-11-06,きゅうり,総計,799,87940
2024-11-06,きゅうり,群馬,767,20423
2024-11-07,きゅうり,千葉,749,6117
2024-11-07,きゅうり,埼玉,782,25856
2024-11-07,きゅうり,宮崎,943,24313
2024-11-07,きゅうり,福島,754,8157
2024-11-07,きゅうり,総計,795,117322
2024-11-07,きゅうり,群馬,770,23930
2024-11-08,きゅうり,千葉,762,5392
2024-11-08,きゅうり,埼玉,797,21353
2024-11-08,きゅうり,宮崎,956,23926
2024-11-08,きゅうり,福島,723,5847
2024-11-08,きゅうり,総計,813,96997
2024-11-08,きゅうり,群馬,783,22407
2024-11-09,きゅうり,千葉,798,7764
2024-11-09,きゅうり,埼玉,793,21611
2024-11-09,きゅうり,宮崎,925,33326
2024-11-09,きゅうり,福島,760,7894
2024-11-09,きゅうり,総計,815,118724
2024-11-09,きゅうり,群馬,770,20485
2024-11-11,きゅうり,千葉,797,12883
2024-11-11,きゅうり,埼玉,821,39449
2024-11-11,きゅうり,宮城,722,6306
2024-11-11,きゅうり,宮崎,994,35804
2024-11-11,きゅうり,総計,849,152968
2024-11-11,きゅうり,群馬,828,32904
2024-11-12,きゅうり,千葉,798,11595
2024-11-12,きゅうり,埼玉,817,27548
2024-11-12,きゅうり,宮崎,999,26896
2024-11-12,きゅうり,栃木,728,6396
2024-11-12,きゅうり,総計,845,114695
2024-11-12,きゅうり,群馬,831,19641
2024-11-14,きゅうり,千葉,790,21693
2024-11-14,きゅうり,埼玉,766,47336
2024-11-14,きゅうり,宮崎,984,42307
2024-11-14,きゅうり,総計,812,200181
2024-11-14,きゅうり,群馬,779,36461
2024-11-14,きゅうり,高知,821,10081
2024-11-15,きゅうり,千葉,737,10787
2024-11-15,きゅうり,埼玉,702,27591
2024-11-15,きゅうり,宮崎,896,23970
2024-11-15,きゅうり,総計,765,107963
2024-11-15,きゅうり,群馬,773,20296
2024-11-15,きゅうり,高知,812,6075
2024-11-16,きゅうり,千葉,691,11915
2024-11-16,きゅうり,埼玉,642,30277
2024-11-16,きゅうり,宮崎,851,24040
2024-11-16,きゅうり,栃木,613,6701
2024-11-16,きゅうり,総計,693,129548
2024-11-16,きゅうり,群馬,681,24946
2024-11-18,きゅうり,千葉,616,18966
2024-11-18,きゅうり,埼玉,553,41429
2024-11-18,きゅうり,宮崎,704,47580
2024-11-18,きゅうり,総計,619,185060
2024-11-18,きゅうり,群馬,621,30536
2024-11-18,きゅうり,高知,634,18162
2024-11-19,きゅうり,千葉,609,14420
2024-11-19,きゅうり,埼玉,555,25282
2024-11-19,きゅうり,宮崎,650,40141
2024-11-19,きゅうり,総計,597,139556
2024-11-19,きゅうり,群馬,586,19395
2024-11-19,きゅうり,高知,635,12391
2024-11-21,きゅうり,千葉,587,23372
2024-11-21,きゅうり,埼玉,561,34091
2024-11-21,きゅうり,宮崎,618,58683
2024-11-21,きゅうり,総計,580,187549
2024-11-21,きゅうり,群馬,553,25766
2024-11-21,きゅうり,高知,600,16927
2024-11-22,きゅうり,千葉,599,12870
2024-11-22,きゅうり,埼玉,573,16615
2024-11-22,きゅうり,宮崎,633,39330
2024-11-22,きゅうり,総計,591,110216
2024-11-22,きゅうり,群馬,551,12807
2024-11-22,きゅうり,高知,579,10640
2024-11-25,きゅうり,千葉,582,32923
2024-11-25,きゅうり,埼玉,570,46629
2024-11-25,きゅうり,宮崎,644,63102
2024-11-25,きゅうり,総計,582,232911
2024-11-25,きゅうり,群馬,543,35203
2024-11-25,きゅうり,高知,542,25514
2024-11-26,きゅうり,千葉,583,13650
2024-11-26,きゅうり,埼玉,596,20240
2024-11-26,きゅうり,宮崎,637,25215
2024-11-26,きゅうり,総計,587,94975
2024-11-26,きゅうり,群馬,554,12866
2024-11-26,きゅうり,高知,545,8099
2024-11-28,きゅうり,千葉,580,24241
2024-11-28,きゅうり,埼玉,584,28437
2024-11-28,きゅうり,宮崎,629,51416
2024-11-28,きゅうり,総計,590,160705
2024-11-28,きゅうり,群馬,575,21344
2024-11-28,きゅうり,高知,554,14669
2024-11-29,きゅうり,千葉,575,16152
2024-11-29,きゅうり,埼玉,581,16929
2024-11-29,きゅうり,宮崎,621,35763
2024-11-29,きゅうり,総計,586,104656
2024-11-29,きゅうり,群馬,571,9440
2024-11-29,きゅうり,高知,540,10148
2024-11-30,きゅうり,千葉,567,16626
2024-11-30,きゅうり,埼玉,575,19483
2024-11-30,きゅうり,宮崎,620,36083
2024-11-30,きゅうり,総計,580,114350
2024-11-30,きゅうり,群馬,561,14447
2024-11-30,きゅうり,高知,545,8064
2024-12-02,きゅうり,千葉,572,30014
2024-12-02,きゅうり,埼玉,575,28642
2024-12-02,きゅうり,宮崎,628,59985
2024-12-02,きゅうり,総計,586,170757
2024-12-02,きゅうり,群馬,565,20750
2024-12-03,きゅうり,千葉,572,19006
2024-12-03,きゅうり,埼玉,574,18742
2024-12-03,きゅうり,宮崎,627,43822
2024-12-03,きゅうり,総計,589,110207
2024-12-03,きゅうり,群馬,559,11638
2024-12-05,きゅうり,千葉,527,43160
2024-12-05,きゅうり,埼玉,548,31914
2024-12-05,きゅうり,宮崎,585,80934
2024-12-05,きゅうり,総計,558,208021
2024-12-05,きゅうり,群馬,541,20562
2024-12-06,きゅうり,千葉,530,22200
2024-12-06,きゅうり,埼玉,551,16154
2024-12-06,きゅうり,宮崎,581,50367
2024-12-06,きゅうり,総計,556,115180
2024-12-06,きゅうり,高知,521,11853
2024-12-07,きゅうり,千葉,529,24989
2024-12-07,きゅうり,埼玉,547,17247
2024-12-07,きゅうり,宮崎,583,53606
2024-12-07,きゅうり,総計,552,130640
2024-12-07,きゅうり,高知,525,11695
2024-12-09,きゅうり,千葉,525,39980
2024-12-09,きゅうり,埼玉,529,23754
2024-12-09,きゅうり,宮崎,559,71890
2024-12-09,きゅうり,総計,538,185150
2024-12-09,きゅうり,高知,517,20468
2024-12-10,きゅうり,千葉,530,18775
2024-12-10,きゅうり,埼玉,544,14005
2024-12-10,きゅうり,宮崎,566,47390
2024-12-10,きゅうり,総計,544,106332
2024-12-10,きゅうり,高知,520,12903
2024-12-12,きゅうり,千葉,529,35227
2024-12-12,きゅうり,埼玉,544,22090
2024-12-12,きゅうり,宮崎,571,68883
2024-12-12,きゅうり,総計,546,174760
2024-12-12,きゅうり,高知,519,21856
2024-12-13,きゅうり,千葉,535,17642
2024-12-13,きゅうり,埼玉,547,12354
2024-12-13,きゅうり,宮崎,560,46921
2024-12-13,きゅうり,総計,545,104009
2024-12-13,きゅうり,高知,523,14729
2024-12-14,きゅうり,千葉,537,19551
2024-12-14,きゅうり,埼玉,543,12454
2024-12-14,きゅうり,宮崎,562,51543
2024-12-14,きゅうり,総計,544,114314
2024-12-14,きゅうり,高知,519,13887
2024-12-16,きゅうり,千葉,527,33536
2024-12-16,きゅうり,宮崎,561,86759
2024-12-16,きゅうり,総計,545,174309
2024-12-16,きゅうり,高知,519,23046
2024-12-17,きゅうり,千葉,529,16396
2024-12-17,きゅうり,埼玉,562,8776
2024-12-17,きゅうり,宮崎,563,51420
2024-12-17,きゅうり,総計,547,111687
2024-12-17,きゅうり,高知,522,16538
2024-12-19,きゅうり,千葉,527,34201
2024-12-19,きゅうり,宮崎,567,91541
2024-12-19,きゅうり,総計,547,187749
2024-12-19,きゅうり,高知,518,24486
2024-12-20,きゅうり,千葉,525,16736
2024-12-20,きゅうり,宮崎,561,50749
2024-12-20,きゅうり,総計,543,101052
2024-12-20,きゅうり,高知,519,14855
2024-12-21,きゅうり,千葉,540,17148
2024-12-21,きゅうり,宮崎,567,59507
2024-12-21,きゅうり,総計,552,116110
2024-12-21,きゅうり,高知,527,17094
2024-12-23,きゅうり,千葉,551,30270
2024-12-23,きゅうり,宮崎,594,84200
2024-12-23,きゅうり,総計,575,161435
2024-12-23,きゅうり,高知,545,23410
2024-12-24,きゅうり,千葉,560,17424
2024-12-24,きゅうり,宮崎,599,56919
2024-12-24,きゅうり,総計,582,104902
2024-12-24,きゅうり,高知,555,15102
2024-12-26,きゅうり,千葉,578,36258
2024-12-26,きゅうり,宮崎,622,89144
2024-12-26,きゅうり,総計,598,178363
2024-12-26,きゅうり,高知,558,24642
2024-12-27,きゅうり,千葉,589,21607
2024-12-27,きゅうり,宮崎,617,50810
2024-12-27,きゅうり,総計,596,99631
2024-12-27,きゅうり,高知,553,14017
2024-12-28,きゅうり,千葉,582,25870
2024-12-28,きゅうり,宮崎,580,62222
2024-12-28,きゅうり,総計,573,125243
2024-12-28,きゅうり,高知,554,17144
2024-12-29,きゅうり,千葉,546,24293
2024-12-29,きゅうり,宮崎,598,60481
2024-12-29,きゅうり,総計,570,113887
2024-12-29,きゅうり,高知,514,14220
2025-01-05,きゅうり,千葉,382,130582
2025-01-05,きゅうり,宮崎,501,247985
2025-01-05,きゅうり,総計,444,550311
2025-01-05,きゅうり,高知,379,85881
2025-01-06,きゅうり,千葉,380,16242
2025-01-06,きゅうり,宮崎,445,26605
2025-01-06,きゅうり,総計,406,87603
2025-01-06,きゅうり,高知,391,22501
2025-01-06,きゅうり,鹿児島,341,6842
2025-01-07,きゅうり,千葉,405,15182
2025-01-07,きゅうり,宮崎,460,63485
2025-01-07,きゅうり,総計,434,122827
2025-01-07,きゅうり,高知,388,22692
2025-01-09,きゅうり,千葉,423,21311
2025-01-09,きゅうり,宮崎,466,123371
2025-01-09,きゅうり,総計,449,210206
2025-01-09,きゅうり,高知,412,32042
2025-01-10,きゅうり,千葉,433,14992
2025-01-10,きゅうり,宮崎,457,60524
2025-01-10,きゅうり,総計,450,108805
2025-01-10,きゅうり,高知,442,17834
2025-01-11,きゅうり,千葉,440,16430
2025-01-11,きゅうり,宮崎,461,72158
2025-01-11,きゅうり,総計,450,135928
2025-01-11,きゅうり,高知,441,17355
2025-01-11,きゅうり,鹿児島,400,8891
2025-01-14,きゅうり,千葉,435,44417
2025-01-14,きゅうり,宮崎,474,140312
2025-01-14,きゅうり,総計,457,271116
2025-01-14,きゅうり,高知,424,33361
2025-01-16,きゅうり,千葉,455,36723
2025-01-16,きゅうり,宮崎,487,94437
2025-01-16,きゅうり,総計,466,198085
2025-01-16,きゅうり,茨城,460,10896
2025-01-16,きゅうり,高知,434,26009
2025-01-17,きゅうり,千葉,463,18244
2025-01-17,きゅうり,宮崎,502,53105
2025-01-17,きゅうり,総計,481,105537
2025-01-17,きゅうり,高知,453,14291
2025-01-18,きゅうり,千葉,487,20852
2025-01-18,きゅうり,宮崎,514,65583
2025-01-18,きゅうり,総計,494,129624
2025-01-18,きゅうり,群馬,437,7829
2025-01-18,きゅうり,高知,463,14983
2025-01-20,きゅうり,千葉,508,32281
2025-01-20,きゅうり,宮崎,562,88963
2025-01-20,きゅうり,総計,535,180350
2025-01-20,きゅうり,茨城,528,12959
2025-01-20,きゅうり,高知,488,19286
2025-01-21,きゅうり,千葉,517,20323
2025-01-21,きゅうり,宮崎,573,61767
2025-01-21,きゅうり,総計,548,118133
2025-01-21,きゅうり,高知,513,14343
2025-01-23,きゅうり,千葉,510,36899
2025-01-23,きゅうり,宮崎,571,93394
2025-01-23,きゅうり,総計,542,200072
2025-01-23,きゅうり,群馬,523,15434
2025-01-23,きゅうり,高知,517,23487
2025-01-24,きゅうり,千葉,518,19854
2025-01-24,きゅうり,宮崎,573,50375
2025-01-24,きゅうり,総計,543,109552
2025-01-24,きゅうり,群馬,507,10965
2025-01-24,きゅうり,高知,517,16338
2025-01-25,きゅうり,千葉,518,21077
2025-01-25,きゅうり,宮崎,569,55677
2025-01-25,きゅうり,総計,541,125898
2025-01-25,きゅうり,群馬,523,10976
2025-01-25,きゅうり,高知,516,15511
2025-01-27,きゅうり,千葉,508,37800
2025-01-27,きゅうり,宮崎,563,91079
2025-01-27,きゅうり,総計,537,207615
2025-01-27,きゅうり,群馬,534,19591
2025-01-27,きゅうり,高知,525,29153
2025-01-28,きゅうり,千葉,511,18609
2025-01-28,きゅうり,宮崎,564,59922
2025-01-28,きゅうり,総計,547,125789
2025-01-28,きゅうり,群馬,561,11917
2025-01-28,きゅうり,高知,527,16306
2025-01-30,きゅうり,千葉,502,37122
2025-01-30,きゅうり,宮崎,553,86993
2025-01-30,きゅうり,総計,534,209014
2025-01-30,きゅうり,群馬,556,21928
2025-01-30,きゅうり,高知,526,28008
2025-01-31,きゅうり,千葉,493,20760
2025-01-31,きゅうり,宮崎,538,52216
2025-01-31,きゅうり,総計,529,114815
2025-01-31,きゅうり,群馬,546,12679
2025-01-31,きゅうり,高知,531,16608
2025-02-01,きゅうり,千葉,495,21568
2025-02-01,きゅうり,宮崎,549,53766
2025-02-01,きゅうり,総計,525,126409
2025-02-01,きゅうり,群馬,523,16349
2025-02-01,きゅうり,高知,512,14382
2025-02-03,きゅうり,千葉,495,39618
2025-02-03,きゅうり,宮崎,554,73611
2025-02-03,きゅうり,総計,523,181528
2025-02-03,きゅうり,群馬,541,21713
2025-02-03,きゅうり,高知,479,21265
2025-02-04,きゅうり,千葉,494,20096
2025-02-04,きゅうり,宮崎,553,46985
2025-02-04,きゅうり,総計,526,111264
2025-02-04,きゅうり,群馬,530,13112
2025-02-04,きゅうり,高知,481,13037
2025-02-06,きゅうり,千葉,502,34534
2025-02-06,きゅうり,宮崎,556,69925
2025-02-06,きゅうり,総計,528,172825
2025-02-06,きゅうり,群馬,547,21324
2025-02-06,きゅうり,高知,482,20170
2025-02-07,きゅうり,千葉,496,18163
2025-02-07,きゅうり,宮崎,569,46573
2025-02-07,きゅうり,総計,536,102602
2025-02-07,きゅうり,群馬,548,14387
2025-02-07,きゅうり,高知,483,13580
2025-02-08,きゅうり,千葉,501,19828
2025-02-08,きゅうり,宮崎,557,54105
2025-02-08,きゅうり,総計,528,121963
2025-02-08,きゅうり,群馬,538,14805
2025-02-08,きゅうり,高知,468,14320
2025-02-10,きゅうり,千葉,494,39466
2025-02-10,きゅうり,宮崎,554,87916
2025-02-10,きゅうり,総計,526,202143
2025-02-10,きゅうり,群馬,541,24927
2025-02-10,きゅうり,高知,490,23043
2025-02-12,きゅうり,千葉,477,40799
2025-02-12,きゅうり,宮崎,552,66972
2025-02-12,きゅうり,総計,514,182424
2025-02-12,きゅうり,群馬,524,29896
2025-02-12,きゅうり,高知,491,21707
2025-02-13,きゅうり,千葉,478,24889
2025-02-13,きゅうり,宮崎,523,52531
2025-02-13,きゅうり,総計,502,127630
2025-02-13,きゅうり,群馬,498,15813
2025-02-13,きゅうり,高知,484,15435
2025-02-14,きゅうり,千葉,462,23444
2025-02-14,きゅうり,宮崎,519,39422
2025-02-14,きゅうり,総計,494,103999
2025-02-14,きゅうり,群馬,498,17817
2025-02-14,きゅうり,高知,480,12770
2025-02-15,きゅうり,千葉,454,25028
2025-02-15,きゅうり,宮崎,517,50618
2025-02-15,きゅうり,総計,492,132166
2025-02-15,きゅうり,群馬,500,20142
2025-02-15,きゅうり,高知,482,13280
2025-02-17,きゅうり,千葉,430,42632
2025-02-17,きゅうり,宮崎,490,82555
2025-02-17,きゅうり,総計,468,213391
2025-02-17,きゅうり,群馬,493,34929
2025-02-17,きゅうり,高知,449,20039
2025-02-18,きゅうり,千葉,432,25014
2025-02-18,きゅうり,宮崎,496,42091
2025-02-18,きゅうり,総計,471,125456
2025-02-18,きゅうり,群馬,485,25807
2025-02-18,きゅうり,高知,454,13916
2025-02-20,きゅうり,千葉,421,46534
2025-02-20,きゅうり,宮崎,487,79516
2025-02-20,きゅうり,総計,459,230390
2025-02-20,きゅうり,群馬,492,42756
2025-02-20,きゅうり,高知,438,20672
2025-02-21,きゅうり,千葉,420,20791
2025-02-21,きゅうり,宮崎,483,44614
2025-02-21,きゅうり,総計,460,121911
2025-02-21,きゅうり,群馬,490,25359
2025-02-21,きゅうり,高知,432,13354
2025-02-22,きゅうり,千葉,417,21791
2025-02-22,きゅうり,宮崎,480,50780
2025-02-22,きゅうり,総計,455,135838
2025-02-22,きゅうり,群馬,465,24112
2025-02-22,きゅうり,高知,441,15200
2025-02-25,きゅうり,千葉,371,63134
2025-02-25,きゅうり,宮崎,456,119037
2025-02-25,きゅうり,総計,427,332260
2025-02-25,きゅうり,群馬,466,60706
2025-02-25,きゅうり,高知,391,30833
2025-02-27,きゅうり,千葉,360,40482
2025-02-27,きゅうり,宮崎,422,73823
2025-02-27,きゅうり,総計,407,226149
2025-02-27,きゅうり,群馬,454,44750
2025-02-27,きゅうり,高知,378,22312
2025-02-28,きゅうり,千葉,359,22319
2025-02-28,きゅうり,宮崎,424,39507
2025-02-28,きゅうり,総計,408,128306
2025-02-28,きゅうり,群馬,446,29598
2025-02-28,きゅうり,高知,388,13650
2025-03-01,きゅうり,千葉,364,23478
2025-03-01,きゅうり,宮崎,417,52798
2025-03-01,きゅうり,総計,401,157482
2025-03-01,きゅうり,群馬,441,32166
2025-03-01,きゅうり,茨城,356,10851
2025-03-01,きゅうり,高知,371,15963
2025-03-03,きゅうり,千葉,339,46973
2025-03-03,きゅうり,宮崎,408,73625
2025-03-03,きゅうり,総計,383,251081
2025-03-03,きゅうり,群馬,414,54874
2025-03-03,きゅうり,茨城,337,23077
2025-03-03,きゅうり,高知,354,20576
2025-03-04,きゅうり,千葉,339,25290
2025-03-04,きゅうり,宮崎,395,48034
2025-03-04,きゅうり,総計,379,155755
2025-03-04,きゅうり,群馬,394,37799
2025-03-04,きゅうり,高知,357,15603
2025-03-06,きゅうり,千葉,335,40445
2025-03-06,きゅうり,宮崎,396,80145
2025-03-06,きゅうり,総計,380,237623
2025-03-06,きゅうり,群馬,414,51714
2025-03-06,きゅうり,高知,350,20551
2025-03-07,きゅうり,千葉,337,13884
2025-03-07,きゅうり,宮崎,401,50590
2025-03-07,きゅうり,総計,388,123789
2025-03-07,きゅうり,群馬,407,25934
2025-03-07,きゅうり,高知,368,13146
2025-03-08,きゅうり,千葉,334,16319
2025-03-08,きゅうり,埼玉,418,11003
2025-03-08,きゅうり,宮崎,401,43500
2025-03-08,きゅうり,総計,383,135016
2025-03-08,きゅうり,群馬,399,32365
2025-03-08,きゅうり,高知,369,13162
2025-03-10,きゅうり,千葉,352,25484
2025-03-10,きゅうり,埼玉,417,18576
2025-03-10,きゅうり,宮崎,429,62561
2025-03-10,きゅうり,総計,401,205827
2025-03-10,きゅうり,群馬,409,58210
2025-03-11,きゅうり,千葉,362,14796
2025-03-11,きゅうり,埼玉,424,11435
2025-03-11,きゅうり,宮崎,429,41325
2025-03-11,きゅうり,総計,403,130084
2025-03-11,きゅうり,群馬,408,34371
2025-03-11,きゅうり,高知,375,10759
2025-03-13,きゅうり,千葉,362,29962
2025-03-13,きゅうり,埼玉,422,25538
2025-03-13,きゅうり,宮崎,447,65133
2025-03-13,きゅうり,総計,410,235365
2025-03-13,きゅうり,群馬,419,67429
2025-03-13,きゅうり,茨城,345,17711
2025-03-14,きゅうり,千葉,355,19002
2025-03-14,きゅうり,埼玉,420,13974
2025-03-14,きゅうり,宮崎,440,28187
2025-03-14,きゅうり,総計,401,118319
2025-03-14,きゅうり,群馬,409,31727
2025-03-14,きゅうり,高知,378,10314
2025-03-15,きゅうり,千葉,367,23863
2025-03-15,きゅうり,埼玉,414,17888
2025-03-15,きゅうり,宮崎,441,33352
2025-03-15,きゅうり,総計,406,146685
2025-03-15,きゅうり,群馬,420,42967
2025-03-17,きゅうり,千葉,374,38162
2025-03-17,きゅうり,埼玉,417,30178
2025-03-17,きゅうり,宮崎,447,49228
2025-03-17,きゅうり,総計,407,229086
2025-03-17,きゅうり,群馬,425,63824
2025-03-17,きゅうり,茨城,348,18965
2025-03-18,きゅうり,千葉,365,23459
2025-03-18,きゅうり,埼玉,434,16587
2025-03-18,きゅうり,宮崎,447,31788
2025-03-18,きゅうり,総計,410,135871
2025-03-18,きゅうり,群馬,410,35532
2025-03-18,きゅうり,高知,389,10628
2025-03-21,きゅうり,千葉,359,45202
2025-03-21,きゅうり,埼玉,421,42043
2025-03-21,きゅうり,宮崎,449,67346
2025-03-21,きゅうり,総計,405,304483
2025-03-21,きゅうり,群馬,419,84043
2025-03-21,きゅうり,茨城,343,22882
2025-03-22,きゅうり,千葉,369,19482
2025-03-22,きゅうり,埼玉,424,19979
2025-03-22,きゅうり,宮崎,455,32622
2025-03-22,きゅうり,総計,407,148185
2025-03-22,きゅうり,群馬,402,45693
2025-03-22,きゅうり,高知,378,12594
2025-03-24,きゅうり,千葉,359,28728
2025-03-24,きゅうり,埼玉,417,37800
2025-03-24,きゅうり,宮崎,423,58077
2025-03-24,きゅうり,総計,399,243160
2025-03-24,きゅうり,群馬,422,66605
2025-03-24,きゅうり,茨城,337,18504
2025-03-25,きゅうり,千葉,359,19963
2025-03-25,きゅうり,埼玉,418,24931
2025-03-25,きゅうり,宮崎,414,33781
2025-03-25,きゅうり,総計,399,157451
2025-03-25,きゅうり,群馬,417,42891
2025-03-25,きゅうり,高知,357,13436
2025-03-27,きゅうり,千葉,338,41852
2025-03-27,きゅうり,埼玉,404,41111
2025-03-27,きゅうり,宮崎,406,69734
2025-03-27,きゅうり,総計,385,291935
2025-03-27,きゅうり,群馬,414,81054
2025-03-28,きゅうり,千葉,339,25867
2025-03-28,きゅうり,埼玉,395,27740
2025-03-28,きゅうり,宮崎,390,39213
2025-03-28,きゅうり,総計,378,170527
2025-03-28,きゅうり,群馬,407,42999
2025-03-28,きゅうり,茨城,325,13260
2025-03-29,きゅうり,千葉,325,26750
2025-03-29,きゅうり,埼玉,397,27648
2025-03-29,きゅうり,宮崎,395,41840
2025-03-29,きゅうり,総計,376,194565
2025-03-29,きゅうり,群馬,403,53620
2025-03-29,きゅうり,高知,337,14453
2025-03-31,きゅうり,千葉,305,48270
2025-03-31,きゅうり,埼玉,390,37349
2025-03-31,きゅうり,宮崎,349,91289
2025-03-31,きゅうり,総計,343,321225
2025-03-31,きゅうり,群馬,376,76796
2025-03-31,きゅうり,茨城,284,26901
2025-04-01,きゅうり,千葉,315,16050
2025-04-01,きゅうり,埼玉,384,24094
2025-04-01,きゅうり,宮崎,343,55656
2025-04-01,きゅうり,総計,349,163052
2025-04-01,きゅうり,群馬,375,35247
2025-04-03,きゅうり,千葉,313,26063
2025-04-03,きゅうり,埼玉,387,35166
2025-04-03,きゅうり,宮崎,355,68060
2025-04-03,きゅうり,総計,350,246122
2025-04-03,きゅうり,群馬,377,64423
2025-04-03,きゅうり,高知,303,18229
2025-04-04,きゅうり,千葉,311,11663
2025-04-04,きゅうり,埼玉,376,18936
2025-04-04,きゅうり,宮崎,351,37498
2025-04-04,きゅうり,総計,346,124598
2025-04-04,きゅうり,群馬,363,30645
2025-04-04,きゅうり,高知,310,12278
2025-04-05,きゅうり,千葉,314,12042
2025-04-05,きゅうり,埼玉,368,19436
2025-04-05,きゅうり,宮崎,357,38029
2025-04-05,きゅうり,総計,351,134371
2025-04-05,きゅうり,群馬,375,37719
2025-04-05,きゅうり,高知,306,9657
2025-04-07,きゅうり,千葉,321,17080
2025-04-07,きゅうり,埼玉,374,43777
2025-04-07,きゅうり,宮崎,350,47030
2025-04-07,きゅうり,総計,352,200627
2025-04-07,きゅうり,群馬,376,52789
2025-04-08,きゅうり,千葉,318,15264
2025-04-08,きゅうり,埼玉,372,29257
2025-04-08,きゅうり,宮崎,334,36242
2025-04-08,きゅうり,総計,344,149931
2025-04-08,きゅうり,群馬,362,39077
2025-04-08,きゅうり,茨城,298,9726
2025-04-10,きゅうり,千葉,317,27687
2025-04-10,きゅうり,埼玉,359,52873
2025-04-10,きゅうり,宮崎,344,60583
2025-04-10,きゅうり,総計,342,267350
2025-04-10,きゅうり,群馬,367,72216
2025-04-10,きゅうり,茨城,288,18814
2025-04-11,きゅうり,千葉,327,17852
2025-04-11,きゅうり,埼玉,359,33310
2025-04-11,きゅうり,宮崎,339,32737
2025-04-11,きゅうり,総計,341,156247
2025-04-11,きゅうり,群馬,357,40754
2025-04-11,きゅうり,高知,304,11292
2025-04-12,きゅうり,千葉,322,20822
2025-04-12,きゅうり,埼玉,354,36753
2025-04-12,きゅうり,宮崎,340,44770
2025-04-12,きゅうり,総計,342,199703
2025-04-12,きゅうり,群馬,362,54824
2025-04-12,きゅうり,茨城,315,14186
2025-04-14,きゅうり,千葉,301,35852
2025-04-14,きゅうり,埼玉,340,64868
2025-04-14,きゅうり,宮崎,317,81153
2025-04-14,きゅうり,総計,322,330716
2025-04-14,きゅうり,群馬,353,81334
2025-04-14,きゅうり,茨城,277,22364
2025-04-15,きゅうり,千葉,304,16886
2025-04-15,きゅうり,埼玉,345,28040
2025-04-15,きゅうり,宮崎,322,37063
2025-04-15,きゅうり,総計,324,164987
2025-04-15,きゅうり,群馬,340,45945
2025-04-15,きゅうり,高知,296,12233
2025-04-17,きゅうり,千葉,304,28732
2025-04-17,きゅうり,埼玉,335,69427
2025-04-17,きゅうり,宮崎,313,68526
2025-04-17,きゅうり,総計,322,301597
2025-04-17,きゅうり,群馬,346,76741
2025-04-18,きゅうり,千葉,305,15226
2025-04-18,きゅうり,埼玉,333,42254
2025-04-18,きゅうり,宮崎,323,31868
2025-04-18,きゅうり,総計,324,168097
2025-04-18,きゅうり,群馬,337,44974
2025-04-18,きゅうり,茨城,270,11084
2025-04-19,きゅうり,千葉,305,17719
2025-04-19,きゅうり,埼玉,329,45075
2025-04-19,きゅうり,宮崎,324,35217
2025-04-19,きゅうり,総計,325,194177
2025-04-19,きゅうり,群馬,343,55175
2025-04-19,きゅうり,茨城,278,11699
2025-04-21,きゅうり,千葉,284,36084
2025-04-21,きゅうり,埼玉,305,86198
2025-04-21,きゅうり,宮崎,310,73315
2025-04-21,きゅうり,総計,305,349358
2025-04-21,きゅうり,群馬,330,79643
2025-04-21,きゅうり,茨城,251,25687
2025-04-22,きゅうり,千葉,277,21492
2025-04-22,きゅうり,埼玉,303,47113
2025-04-22,きゅうり,宮崎,305,36510
2025-04-22,きゅうり,総計,301,201824
2025-04-22,きゅうり,群馬,327,45163
2025-04-22,きゅうり,茨城,247,15770
2025-04-24,きゅうり,千葉,265,39132
2025-04-24,きゅうり,埼玉,288,90795
2025-04-24,きゅうり,宮崎,293,72224
2025-04-24,きゅうり,総計,290,366721
2025-04-24,きゅうり,群馬,322,84128
2025-04-24,きゅうり,茨城,237,26440
2025-04-25,きゅうり,千葉,261,20444
2025-04-25,きゅうり,埼玉,285,46370
2025-04-25,きゅうり,宮崎,295,33101
2025-04-25,きゅうり,総計,287,197763
2025-04-25,きゅうり,群馬,310,47552
2025-04-25,きゅうり,茨城,233,15363
2025-04-26,きゅうり,千葉,258,21299
2025-04-26,きゅうり,埼玉,282,52122
2025-04-26,きゅうり,宮崎,300,40132
2025-04-26,きゅうり,総計,288,215112
2025-04-26,きゅうり,群馬,316,52134
2025-04-26,きゅうり,茨城,231,13283
2025-04-28,きゅうり,千葉,257,30439
2025-04-28,きゅうり,埼玉,276,78378
2025-04-28,きゅうり,宮崎,286,60752
2025-04-28,きゅうり,総計,276,337483
2025-04-28,きゅうり,群馬,292,93467
2025-04-28,きゅうり,茨城,219,23181
2025-04-30,きゅうり,千葉,255,25014
2025-04-30,きゅうり,埼玉,271,82344
2025-04-30,きゅうり,宮崎,293,38616
2025-04-30,きゅうり,総計,275,300571
2025-04-30,きゅうり,群馬,291,84143
2025-04-30,きゅうり,茨城,225,22123
2025-05-01,きゅうり,千葉,251,14594
2025-05-01,きゅうり,埼玉,280,42434
2025-05-01,きゅうり,宮崎,290,32217
2025-05-01,きゅうり,総計,278,167295
2025-05-01,きゅうり,群馬,287,39017
2025-05-01,きゅうり,茨城,223,10709
2025-05-02,きゅうり,千葉,256,13997
2025-05-02,きゅうり,埼玉,279,49487
2025-05-02,きゅうり,宮崎,296,24004
2025-05-02,きゅうり,総計,283,165575
2025-05-02,きゅうり,群馬,302,38093
2025-05-02,きゅうり,茨城,230,9998
2025-05-03,きゅうり,千葉,255,17655
2025-05-03,きゅうり,埼玉,283,61475
2025-05-03,きゅうり,宮崎,309,35003
2025-05-03,きゅうり,総計,289,214225
2025-05-03,きゅうり,群馬,305,57007
2025-05-03,きゅうり,茨城,233,11663
2025-05-07,きゅうり,千葉,255,63042
2025-05-07,きゅうり,埼玉,281,182755
2025-05-07,きゅうり,宮崎,291,89070
2025-05-07,きゅうり,総計,279,643055
2025-05-07,きゅうり,群馬,292,164725
2025-05-07,きゅうり,茨城,225,42221
2025-05-08,きゅうり,千葉,256,18163
2025-05-08,きゅうり,埼玉,282,44113
2025-05-08,きゅうり,宮崎,279,46485
2025-05-08,きゅうり,総計,276,211789
2025-05-08,きゅうり,群馬,290,51812
2025-05-08,きゅうり,茨城,228,15520
2025-05-09,きゅうり,千葉,255,16599
2025-05-09,きゅうり,埼玉,284,48437
2025-05-09,きゅうり,宮崎,277,31079
2025-05-09,きゅうり,総計,279,177854
2025-05-09,きゅうり,群馬,297,37004
2025-05-09,きゅうり,茨城,240,14098
2025-05-10,きゅうり,千葉,287,21209
2025-05-10,きゅうり,埼玉,283,52837
2025-05-10,きゅうり,宮崎,268,35827
2025-05-10,きゅうり,総計,282,212680
2025-05-10,きゅうり,群馬,298,54442
2025-05-10,きゅうり,茨城,237,14422
2025-05-12,きゅうり,千葉,260,30125
2025-05-12,きゅうり,埼玉,282,85925
2025-05-12,きゅうり,宮崎,281,51644
2025-05-12,きゅうり,総計,276,344441
2025-05-12,きゅうり,群馬,288,83333
2025-05-12,きゅうり,茨城,224,28580
2025-05-13,きゅうり,千葉,262,15459
2025-05-13,きゅうり,埼玉,277,55055
2025-05-13,きゅうり,宮崎,277,30236
2025-05-13,きゅうり,総計,277,193319
2025-05-13,きゅうり,群馬,286,42305
2025-05-13,きゅうり,茨城,226,13712
2025-05-15,きゅうり,千葉,263,28031
2025-05-15,きゅうり,埼玉,277,97016
2025-05-15,きゅうり,宮崎,281,49173
2025-05-15,きゅうり,総計,277,344714
2025-05-15,きゅうり,群馬,297,83631
2025-05-15,きゅうり,茨城,223,25405
2025-05-16,きゅうり,千葉,264,15585
2025-05-16,きゅうり,埼玉,271,61928
2025-05-16,きゅうり,宮崎,276,28797
2025-05-16,きゅうり,総計,276,212650
2025-05-16,きゅうり,群馬,291,48698
2025-05-16,きゅうり,茨城,232,15463
2025-05-17,きゅうり,千葉,257,17393
2025-05-17,きゅうり,埼玉,268,64200
2025-05-17,きゅうり,宮崎,274,31053
2025-05-17,きゅうり,総計,274,241669
2025-05-17,きゅうり,群馬,292,55798
2025-05-17,きゅうり,茨城,227,17707
2025-05-19,きゅうり,千葉,242,31565
2025-05-19,きゅうり,埼玉,255,104103
2025-05-19,きゅうり,宮城,277,29445
2025-05-19,きゅうり,宮崎,280,47722
2025-05-19,きゅうり,総計,263,384235
2025-05-19,きゅうり,群馬,285,88946
2025-05-20,きゅうり,千葉,246,14428
2025-05-20,きゅうり,埼玉,256,58974
2025-05-20,きゅうり,宮崎,268,26212
2025-05-20,きゅうり,総計,266,210074
2025-05-20,きゅうり,群馬,283,49510
2025-05-20,きゅうり,茨城,211,12801
2025-05-22,きゅうり,千葉,254,23129
2025-05-22,きゅうり,埼玉,260,83384
2025-05-22,きゅうり,宮城,268,29394
2025-05-22,きゅうり,宮崎,283,42233
2025-05-22,きゅうり,総計,264,331681
2025-05-22,きゅうり,群馬,273,75278
2025-05-23,きゅうり,埼玉,250,64386
2025-05-23,きゅうり,宮城,273,16305
2025-05-23,きゅうり,宮崎,278,23677
2025-05-23,きゅうり,総計,262,231961
2025-05-23,きゅうり,群馬,282,54664
2025-05-23,きゅうり,茨城,216,15749
2025-05-24,きゅうり,千葉,254,18529
2025-05-24,きゅうり,埼玉,253,57822
2025-05-24,きゅうり,宮崎,271,28142
2025-05-24,きゅうり,総計,262,245627
2025-05-24,きゅうり,群馬,277,65308
2025-05-24,きゅうり,茨城,206,17579
2025-05-26,きゅうり,千葉,255,20409
2025-05-26,きゅうり,埼玉,264,77394
2025-05-26,きゅうり,宮城,273,21314
2025-05-26,きゅうり,宮崎,287,25730
2025-05-26,きゅうり,総計,267,282693
2025-05-26,きゅうり,群馬,272,70251
2025-05-27,きゅうり,埼玉,276,41248
2025-05-27,きゅうり,宮城,296,12648
2025-05-27,きゅうり,宮崎,268,14129
2025-05-27,きゅうり,福島,339,10047
2025-05-27,きゅうり,総計,278,156655
2025-05-27,きゅうり,群馬,284,39754
2025-05-29,きゅうり,埼玉,301,74023
2025-05-29,きゅうり,宮城,311,19985
2025-05-29,きゅうり,宮崎,319,30795
2025-05-29,きゅうり,福島,381,18751
2025-05-29,きゅうり,総計,310,262900
2025-05-29,きゅうり,群馬,322,54273
2025-05-30,きゅうり,千葉,298,10373
2025-05-30,きゅうり,埼玉,317,52379
2025-05-30,きゅうり,宮城,329,15290
2025-05-30,きゅうり,福島,397,13634
2025-05-30,きゅうり,総計,326,172006
2025-05-30,きゅうり,群馬,342,40163
2025-05-31,きゅうり,千葉,304,16878
2025-05-31,きゅうり,埼玉,325,55843
2025-05-31,きゅうり,宮城,343,16311
2025-05-31,きゅうり,福島,417,21056
2025-05-31,きゅうり,総計,336,201546
2025-05-31,きゅうり,群馬,348,44349
2025-06-02,きゅうり,千葉,296,20998
2025-06-02,きゅうり,埼玉,329,80096
2025-06-02,きゅうり,宮城,330,34185
2025-06-02,きゅうり,宮崎,353,21847
2025-06-02,きゅうり,総計,337,295193
2025-06-02,きゅうり,群馬,358,64251
2025-06-03,きゅうり,千葉,305,12617
2025-06-03,きゅうり,埼玉,332,50322
2025-06-03,きゅうり,宮城,366,10875
2025-06-03,きゅうり,福島,399,13840
2025-06-03,きゅうり,総計,342,164825
2025-06-03,きゅうり,群馬,368,43225
2025-06-05,きゅうり,千葉,296,24455
2025-06-05,きゅうり,埼玉,312,104303
2025-06-05,きゅうり,宮城,342,27745
2025-06-05,きゅうり,福島,384,24419
2025-06-05,きゅうり,総計,329,323854
2025-06-05,きゅうり,群馬,361,75492
2025-06-06,きゅうり,埼玉,312,55502
2025-06-06,きゅうり,宮城,345,17895
2025-06-06,きゅうり,福島,393,13647
2025-06-06,きゅうり,総計,332,184009
2025-06-06,きゅうり,群馬,366,44552
2025-06-06,きゅうり,茨城,263,11770
2025-06-07,きゅうり,千葉,294,13884
2025-06-07,きゅうり,埼玉,313,55580
2025-06-07,きゅうり,宮城,346,15354
2025-06-07,きゅうり,福島,394,18163
2025-06-07,きゅうり,総計,331,191450
2025-06-07,きゅうり,群馬,354,42944
2025-06-09,きゅうり,千葉,293,29228
2025-06-09,きゅうり,埼玉,302,97615
2025-06-09,きゅうり,宮城,329,34029
2025-06-09,きゅうり,福島,380,35192
2025-06-09,きゅうり,総計,320,354287
2025-06-09,きゅうり,群馬,334,81696
2025-06-10,きゅうり,千葉,290,15093
2025-06-10,きゅうり,埼玉,304,49206
2025-06-10,きゅうり,宮城,339,20370
2025-06-10,きゅうり,福島,370,31913
2025-06-10,きゅうり,総計,320,217922
2025-06-10,きゅうり,群馬,324,53262
2025-06-12,きゅうり,千葉,289,23176
2025-06-12,きゅうり,埼玉,306,86014
2025-06-12,きゅうり,宮城,322,39258
2025-06-12,きゅうり,福島,367,46686
2025-06-12,きゅうり,総計,322,346835
2025-06-12,きゅうり,群馬,331,68380
2025-06-13,きゅうり,千葉,295,9454
2025-06-13,きゅうり,埼玉,310,43400
2025-06-13,きゅうり,宮城,323,21053
2025-06-13,きゅうり,福島,364,29498
2025-06-13,きゅうり,総計,330,190368
2025-06-13,きゅうり,群馬,351,48613
2025-06-14,きゅうり,埼玉,311,45293
2025-06-14,きゅうり,宮城,326,14418
2025-06-14,きゅうり,福島,364,23554
2025-06-14,きゅうり,総計,322,170126
2025-06-14,きゅうり,群馬,333,32859
2025-06-14,きゅうり,茨城,290,11056
2025-06-16,きゅうり,千葉,287,21398
2025-06-16,きゅうり,埼玉,301,70159
2025-06-16,きゅうり,宮城,316,31065
2025-06-16,きゅうり,福島,354,46783
2025-06-16,きゅうり,総計,317,291324
2025-06-16,きゅうり,群馬,326,57510
2025-06-17,きゅうり,千葉,275,11412
2025-06-17,きゅうり,埼玉,301,41270
2025-06-17,きゅうり,宮城,330,15094
2025-06-17,きゅうり,福島,364,34025
2025-06-17,きゅうり,総計,322,168196
2025-06-17,きゅうり,群馬,337,31453
2025-06-19,きゅうり,千葉,283,20260
2025-06-19,きゅうり,埼玉,303,82512
2025-06-19,きゅうり,宮城,309,32844
2025-06-19,きゅうり,福島,357,66120
2025-06-19,きゅうり,総計,320,325172
2025-06-19,きゅうり,群馬,336,54090
2025-06-20,きゅうり,千葉,278,11244
2025-06-20,きゅうり,埼玉,305,47054
2025-06-20,きゅうり,宮城,320,18410
2025-06-20,きゅうり,福島,354,39919
2025-06-20,きゅうり,総計,323,190079
2025-06-20,きゅうり,群馬,336,31687
2025-06-21,きゅうり,千葉,261,18372
2025-06-21,きゅうり,埼玉,297,50511
2025-06-21,きゅうり,宮城,312,19661
2025-06-21,きゅうり,福島,359,45917
2025-06-21,きゅうり,総計,317,212592
2025-06-21,きゅうり,群馬,329,30940
2025-06-23,きゅうり,千葉,300,22052
2025-06-23,きゅうり,埼玉,312,71203
2025-06-23,きゅうり,宮城,315,34553
2025-06-23,きゅうり,福島,375,83833
2025-06-23,きゅうり,総計,334,339131
2025-06-23,きゅうり,群馬,339,51200
2025-06-24,きゅうり,千葉,305,10599
2025-06-24,きゅうり,埼玉,328,39914
2025-06-24,きゅうり,宮城,339,16964
2025-06-24,きゅうり,福島,389,49413
2025-06-24,きゅうり,総計,347,188172
2025-06-24,きゅうり,群馬,351,24136
2025-06-26,きゅうり,千葉,302,26174
2025-06-26,きゅうり,埼玉,324,68320
2025-06-26,きゅうり,宮城,327,32399
2025-06-26,きゅうり,福島,393,82786
2025-06-26,きゅうり,総計,347,323194
2025-06-26,きゅうり,群馬,350,37399
2025-06-27,きゅうり,千葉,304,14055
2025-06-27,きゅうり,埼玉,327,37798
2025-06-27,きゅうり,宮城,344,15098
2025-06-27,きゅうり,福島,391,46959
2025-06-27,きゅうり,総計,346,180314
2025-06-27,きゅうり,群馬,350,17637
2025-06-28,きゅうり,千葉,289,18200
2025-06-28,きゅうり,埼玉,325,34280
2025-06-28,きゅうり,宮城,335,16666
2025-06-28,きゅうり,福島,400,54967
2025-06-28,きゅうり,総計,355,202084
2025-06-28,きゅうり,群馬,353,18602
2025-06-30,きゅうり,千葉,301,20027
2025-06-30,きゅうり,埼玉,314,46131
2025-06-30,きゅうり,宮城,343,24278
2025-06-30,きゅうり,福島,403,83184
2025-06-30,きゅうり,総計,357,265366
2025-06-30,きゅうり,群馬,337,25750
2025-07-01,きゅうり,埼玉,323,24692
2025-07-01,きゅうり,宮城,370,11610
2025-07-01,きゅうり,福島,422,54547
2025-07-01,きゅうり,秋田,388,11056
2025-07-01,きゅうり,総計,378,163280
2025-07-01,きゅうり,群馬,344,11835
2025-07-03,きゅうり,千葉,325,18679
2025-07-03,きゅうり,埼玉,332,45645
2025-07-03,きゅうり,宮城,371,19372
2025-07-03,きゅうり,福島,428,111133
2025-07-03,きゅうり,総計,385,303472
2025-07-03,きゅうり,群馬,364,18831
2025-07-04,きゅうり,千葉,336,10890
2025-07-04,きゅうり,埼玉,329,23727
2025-07-04,きゅうり,宮城,388,11255
2025-07-04,きゅうり,福島,434,63647
2025-07-04,きゅうり,総計,390,172576
2025-07-04,きゅうり,群馬,379,12305
2025-07-05,きゅうり,北海道,436,14065
2025-07-05,きゅうり,千葉,302,16467
2025-07-05,きゅうり,埼玉,317,23026
2025-07-05,きゅうり,福島,428,70842
2025-07-05,きゅうり,秋田,395,19064
2025-07-05,きゅうり,総計,385,208226
2025-07-07,きゅうり,埼玉,282,28272
2025-07-07,きゅうり,岩手,402,30179
2025-07-07,きゅうり,福島,401,137970
2025-07-07,きゅうり,秋田,379,23229
2025-07-07,きゅうり,総計,368,344605
2025-07-07,きゅうり,群馬,366,22351
2025-07-08,きゅうり,千葉,305,11690
2025-07-08,きゅうり,岩手,392,19885
2025-07-08,きゅうり,福島,392,72038
2025-07-08,きゅうり,秋田,385,16775
2025-07-08,きゅうり,総計,367,179363
2025-07-08,きゅうり,群馬,356,10413
2025-07-10,きゅうり,千葉,292,20652
2025-07-10,きゅうり,岩手,379,31339
2025-07-10,きゅうり,福島,379,146150
2025-07-10,きゅうり,秋田,372,31290
2025-07-10,きゅうり,総計,356,332271
2025-07-10,きゅうり,群馬,338,18488
2025-07-11,きゅうり,千葉,289,11855
2025-07-11,きゅうり,山形,398,10446
2025-07-11,きゅうり,岩手,375,22835
2025-07-11,きゅうり,福島,364,91354
2025-07-11,きゅうり,秋田,373,18361
2025-07-11,きゅうり,総計,351,201285
2025-07-12,きゅうり,岩手,371,29008
2025-07-12,きゅうり,福島,363,86352
2025-07-12,きゅうり,秋田,378,21940
2025-07-12,きゅうり,総計,346,212884
2025-07-12,きゅうり,群馬,317,12540
2025-07-12,きゅうり,茨城,237,13850
2025-07-14,きゅうり,山形,399,17171
2025-07-14,きゅうり,岩手,370,32755
2025-07-14,きゅうり,福島,375,102667
2025-07-14,きゅうり,秋田,364,45917
2025-07-14,きゅうり,総計,357,263360
2025-07-14,きゅうり,群馬,305,14955
2025-07-15,きゅうり,千葉,296,8145
2025-07-15,きゅうり,山形,398,8250
2025-07-15,きゅうり,岩手,374,21450
2025-07-15,きゅうり,福島,383,66418
2025-07-15,きゅうり,秋田,352,20482
2025-07-15,きゅうり,総計,363,153748
2025-07-17,きゅうり,千葉,298,14463
2025-07-17,きゅうり,山形,387,17721
2025-07-17,きゅうり,岩手,369,49078
2025-07-17,きゅうり,福島,377,140655
2025-07-17,きゅうり,秋田,350,37597
2025-07-17,きゅうり,総計,360,311042
2025-07-18,きゅうり,山形,392,10887
2025-07-18,きゅうり,岩手,371,29404
2025-07-18,きゅうり,福島,379,83826
2025-07-18,きゅうり,秋田,354,25954
2025-07-18,きゅうり,総計,363,187265
2025-07-19,きゅうり,山形,382,12620
2025-07-19,きゅうり,岩手,355,39494
2025-07-19,きゅうり,福島,368,88231
2025-07-19,きゅうり,秋田,344,26210
2025-07-19,きゅうり,総計,352,216338
2025-07-19,きゅうり,青森,356,8240
2025-07-22,きゅうり,山形,344,34259
2025-07-22,きゅうり,岩手,329,106101
2025-07-22,きゅうり,福島,340,214426
2025-07-22,きゅうり,秋田,311,71006
2025-07-22,きゅうり,総計,326,527940
2025-07-24,きゅうり,山形,331,23208
2025-07-24,きゅうり,岩手,312,78576
2025-07-24,きゅうり,福島,328,169394
2025-07-24,きゅうり,秋田,297,46412
2025-07-24,きゅうり,総計,315,385192
2025-07-25,きゅうり,山形,323,12762
2025-07-25,きゅうり,岩手,316,39766
2025-07-25,きゅうり,福島,320,103950
2025-07-25,きゅうり,秋田,295,21578
2025-07-25,きゅうり,総計,310,217015
2025-07-26,きゅうり,山形,329,11705
2025-07-26,きゅうり,岩手,315,36160
2025-07-26,きゅうり,福島,313,101301
2025-07-26,きゅうり,秋田,297,23631
2025-07-26,きゅうり,総計,307,216178
2025-07-26,きゅうり,青森,280,9432
2025-07-28,きゅうり,山形,345,18657
2025-07-28,きゅうり,岩手,313,75481
2025-07-28,きゅうり,福島,314,158293
2025-07-28,きゅうり,秋田,278,42974
2025-07-28,きゅうり,総計,306,360503
2025-07-29,きゅうり,岩手,314,39677
2025-07-29,きゅうり,福島,316,100329
2025-07-29,きゅうり,秋田,277,21573
2025-07-29,きゅうり,総計,306,215891
2025-07-29,きゅうり,青森,264,12254
2025-07-31,きゅうり,山形,342,22823
2025-07-31,きゅうり,岩手,303,77510
2025-07-31,きゅうり,福島,313,181729
2025-07-31,きゅうり,秋田,276,41929
2025-07-31,きゅうり,総計,303,383495
2025-08-01,きゅうり,山形,346,11894
2025-08-01,きゅうり,岩手,305,42858
2025-08-01,きゅうり,福島,315,96781
2025-08-01,きゅうり,秋田,285,23565
2025-08-01,きゅうり,総計,305,206768
2025-08-02,きゅうり,山形,333,12637
2025-08-02,きゅうり,岩手,303,44191
2025-08-02,きゅうり,福島,312,98286
2025-08-02,きゅうり,秋田,283,27528
2025-08-02,きゅうり,総計,304,225386
2025-08-04,きゅうり,山形,345,22129
2025-08-04,きゅうり,岩手,300,76104
2025-08-04,きゅうり,福島,313,171218
2025-08-04,きゅうり,秋田,273,46224
2025-08-04,きゅうり,総計,303,370984
2025-08-05,きゅうり,山形,330,12571
2025-08-05,きゅうり,岩手,296,42749
2025-08-05,きゅうり,福島,309,100418
2025-08-05,きゅうり,秋田,274,25806
2025-08-05,きゅうり,総計,300,216160
2025-08-07,きゅうり,山形,341,21818
2025-08-07,きゅうり,岩手,295,76283
2025-08-07,きゅうり,福島,305,183442
2025-08-07,きゅうり,秋田,272,43266
2025-08-07,きゅうり,総計,298,380738
2025-08-08,きゅうり,山形,348,11253
2025-08-08,きゅうり,岩手,302,37572
2025-08-08,きゅうり,福島,320,88240
2025-08-08,きゅうり,秋田,265,25094
2025-08-08,きゅうり,総計,305,190417
2025-08-09,きゅうり,山形,385,9446
2025-08-09,きゅうり,岩手,311,34503
2025-08-09,きゅうり,福島,339,85096
2025-08-09,きゅうり,秋田,284,22762
2025-08-09,きゅうり,総計,325,184892
2025-08-11,きゅうり,山形,421,12768
2025-08-11,きゅうり,岩手,342,54273
2025-08-11,きゅうり,福島,400,125109
2025-08-11,きゅうり,秋田,327,33922
2025-08-11,きゅうり,総計,377,274635
2025-08-12,きゅうり,岩手,368,33594
2025-08-12,きゅうり,福島,430,84255
2025-08-12,きゅうり,秋田,347,16114
2025-08-12,きゅうり,総計,409,177514
2025-08-12,きゅうり,青森,380,8742
2025-08-16,きゅうり,山形,453,32719
2025-08-16,きゅうり,岩手,387,137294
2025-08-16,きゅうり,福島,440,295512
2025-08-16,きゅうり,秋田,352,79077
2025-08-16,きゅうり,総計,417,644785
2025-08-18,きゅうり,山形,488,17194
2025-08-18,きゅうり,岩手,400,72989
2025-08-18,きゅうり,福島,456,142758
2025-08-18,きゅうり,秋田,366,45378
2025-08-18,きゅうり,総計,432,327601
2025-08-19,きゅうり,山形,494,10167
2025-08-19,きゅうり,岩手,403,39081
2025-08-19,きゅうり,福島,474,81737
2025-08-19,きゅうり,秋田,377,21042
2025-08-19,きゅうり,総計,443,193184
2025-08-19,きゅうり,青森,430,10484
2025-08-21,きゅうり,山形,502,24445
2025-08-21,きゅうり,岩手,411,83598
2025-08-21,きゅうり,福島,485,178742
2025-08-21,きゅうり,秋田,385,48132
2025-08-21,きゅうり,総計,456,398349
2025-08-22,きゅうり,山形,504,13924
2025-08-22,きゅうり,岩手,404,46567
2025-08-22,きゅうり,福島,477,95325
2025-08-22,きゅうり,秋田,383,24696
2025-08-22,きゅうり,総計,449,219659
2025-08-23,きゅうり,宮城,442,14044
2025-08-23,きゅうり,山形,499,13737
2025-08-23,きゅうり,岩手,389,45331
2025-08-23,きゅうり,福島,467,95999
2025-08-23,きゅうり,秋田,377,23816
2025-08-23,きゅうり,総計,439,227475
2025-08-25,きゅうり,宮城,437,27564
2025-08-25,きゅうり,岩手,403,75480
2025-08-25,きゅうり,福島,478,162952
2025-08-25,きゅうり,秋田,378,46375
2025-08-25,きゅうり,総計,447,382380
2025-08-26,きゅうり,宮城,445,15559
2025-08-26,きゅうり,山形,496,12787
2025-08-26,きゅうり,岩手,382,42015
2025-08-26,きゅうり,福島,474,97872
2025-08-26,きゅうり,秋田,365,21103
2025-08-26,きゅうり,総計,443,226314
2025-08-28,きゅうり,宮城,438,28769
2025-08-28,きゅうり,山形,466,27725
2025-08-28,きゅうり,岩手,388,73677
2025-08-28,きゅうり,福島,453,176720
2025-08-28,きゅうり,秋田,354,42990
2025-08-28,きゅうり,総計,426,407868
2025-08-29,きゅうり,宮城,431,15943
2025-08-29,きゅうり,山形,474,13778
2025-08-29,きゅうり,岩手,387,41170
2025-08-29,きゅうり,福島,444,86302
2025-08-29,きゅうり,秋田,336,24951
2025-08-29,きゅうり,総計,415,214420
2025-08-30,きゅうり,宮城,426,14556
2025-08-30,きゅうり,山形,468,11076
2025-08-30,きゅうり,岩手,380,38506
2025-08-30,きゅうり,福島,445,80070
2025-08-30,きゅうり,秋田,336,21904
2025-08-30,きゅうり,総計,415,206827
2025-09-01,きゅうり,宮城,418,26872
2025-09-01,きゅうり,山形,456,20854
2025-09-01,きゅうり,岩手,379,60502
2025-09-01,きゅうり,福島,452,138643
2025-09-01,きゅうり,秋田,339,35984
2025-09-01,きゅうり,総計,420,333870
2025-09-02,きゅうり,宮城,437,14267
2025-09-02,きゅうり,岩手,376,27597
2025-09-02,きゅうり,福島,450,86374
2025-09-02,きゅうり,秋田,334,18175
2025-09-02,きゅうり,総計,425,206632
2025-09-02,きゅうり,群馬,446,12985
2025-09-04,きゅうり,宮城,428,27701
2025-09-04,きゅうり,岩手,385,63619
2025-09-04,きゅうり,福島,438,148987
2025-09-04,きゅうり,秋田,354,35934
2025-09-04,きゅうり,総計,420,382206
2025-09-04,きゅうり,群馬,458,26826
2025-09-05,きゅうり,宮城,425,17404
2025-09-05,きゅうり,岩手,382,31871
2025-09-05,きゅうり,福島,434,77591
2025-09-05,きゅうり,秋田,338,18910
2025-09-05,きゅうり,総計,413,219030
2025-09-05,きゅうり,群馬,453,17567
2025-09-06,きゅうり,宮城,429,15092
2025-09-06,きゅうり,岩手,372,30200
2025-09-06,きゅうり,福島,428,70967
2025-09-06,きゅうり,秋田,343,16920
2025-09-06,きゅうり,総計,414,206983
2025-09-06,きゅうり,群馬,438,20143
2025-09-08,きゅうり,宮城,429,25086
2025-09-08,きゅうり,岩手,379,45237
2025-09-08,きゅうり,福島,437,103863
2025-09-08,きゅうり,秋田,333,33949
2025-09-08,きゅうり,総計,414,305961
2025-09-08,きゅうり,群馬,463,25092
2025-09-09,きゅうり,宮城,456,15054
2025-09-09,きゅうり,岩手,371,22635
2025-09-09,きゅうり,福島,436,65332
2025-09-09,きゅうり,秋田,346,13237
2025-09-09,きゅうり,総計,425,187653
2025-09-09,きゅうり,群馬,469,21387
2025-09-11,きゅうり,埼玉,455,24627
2025-09-11,きゅうり,宮城,435,27141
2025-09-11,きゅうり,岩手,397,41949
2025-09-11,きゅうり,福島,451,115013
2025-09-11,きゅうり,総計,437,339997
2025-09-11,きゅうり,群馬,477,42246
2025-09-12,きゅうり,埼玉,469,17233
2025-09-12,きゅうり,宮城,459,14977
2025-09-12,きゅうり,岩手,394,22993
2025-09-12,きゅうり,福島,457,56167
2025-09-12,きゅうり,総計,445,188713
2025-09-12,きゅうり,群馬,492,25862
2025-09-13,きゅうり,埼玉,461,20298
2025-09-13,きゅうり,宮城,480,18414
2025-09-13,きゅうり,岩手,394,26060
2025-09-13,きゅうり,福島,437,57122
2025-09-13,きゅうり,総計,443,213233
2025-09-13,きゅうり,群馬,494,28943
2025-09-16,きゅうり,埼玉,450,46230
2025-09-16,きゅうり,岩手,394,58325
2025-09-16,きゅうり,福島,457,117176
2025-09-16,きゅうり,秋田,370,44786
2025-09-16,きゅうり,総計,443,463107
2025-09-16,きゅうり,群馬,502,68077
2025-09-18,きゅうり,埼玉,432,27834
2025-09-18,きゅうり,宮城,472,22850
2025-09-18,きゅうり,岩手,392,34867
2025-09-18,きゅうり,福島,459,82552
2025-09-18,きゅうり,総計,450,314386
2025-09-18,きゅうり,群馬,514,48111
2025-09-19,きゅうり,埼玉,469,17778
2025-09-19,きゅうり,宮城,470,12090
2025-09-19,きゅうり,岩手,374,20573
2025-09-19,きゅうり,福島,474,45936
2025-09-19,きゅうり,総計,453,179760
2025-09-19,きゅうり,群馬,510,30295
2025-09-20,きゅうり,埼玉,488,21844
2025-09-20,きゅうり,岩手,401,20708
2025-09-20,きゅうり,福島,465,41236
2025-09-20,きゅうり,秋田,358,14931
2025-09-20,きゅうり,総計,465,193720
2025-09-20,きゅうり,群馬,534,35907
2025-09-22,きゅうり,埼玉,495,36520
2025-09-22,きゅうり,岩手,407,22886
2025-09-22,きゅうり,福島,486,60746
2025-09-22,きゅうり,総計,484,286015
2025-09-22,きゅうり,群馬,549,58298
2025-09-22,きゅうり,茨城,434,17110
2025-09-24,きゅうり,埼玉,489,42915
2025-09-24,きゅうり,宮城,486,16225
2025-09-24,きゅうり,岩手,422,19733
2025-09-24,きゅうり,福島,490,48664
2025-09-24,きゅうり,総計,487,258965
2025-09-24,きゅうり,群馬,552,54800
2025-09-25,きゅうり,埼玉,497,21167
2025-09-25,きゅうり,宮城,494,8625
2025-09-25,きゅうり,福島,489,27849
2025-09-25,きゅうり,総計,488,143714
2025-09-25,きゅうり,群馬,553,36470
2025-09-25,きゅうり,茨城,435,9347
2025-09-26,きゅうり,埼玉,495,21033
2025-09-26,きゅうり,宮城,499,8198
2025-09-26,きゅうり,岩手,409,7495
2025-09-26,きゅうり,福島,482,26050
2025-09-26,きゅうり,総計,488,127446
2025-09-26,きゅうり,群馬,548,31118
2025-09-27,きゅうり,埼玉,515,21505
2025-09-27,きゅうり,宮城,506,9683
2025-09-27,きゅうり,福島,495,29096
2025-09-27,きゅうり,秋田,368,10408
2025-09-27,きゅうり,総計,493,143165
2025-09-27,きゅうり,群馬,553,33480
2025-09-29,きゅうり,埼玉,517,49686
2025-09-29,きゅうり,岩手,409,18714
2025-09-29,きゅうり,福島,495,43745
2025-09-29,きゅうり,総計,502,280076
2025-09-29,きゅうり,群馬,560,73823
2025-09-29,きゅうり,茨城,447,19455
2025-09-30,きゅうり,埼玉,501,34817
2025-09-30,きゅうり,宮城,526,11316
2025-09-30,きゅうり,福島,491,33200
2025-09-30,きゅうり,総計,496,177801
2025-09-30,きゅうり,群馬,557,43034
2025-09-30,きゅうり,茨城,441,14325
2025-10-02,きゅうり,埼玉,444,63362
2025-10-02,きゅうり,宮城,450,23662
2025-10-02,きゅうり,福島,440,53093
2025-10-02,きゅうり,総計,455,340748
2025-10-02,きゅうり,群馬,522,89981
2025-10-02,きゅうり,茨城,407,25288
2025-10-03,きゅうり,埼玉,416,27220
2025-10-03,きゅうり,宮城,461,12100
2025-10-03,きゅうり,福島,409,26064
2025-10-03,きゅうり,総計,435,171339
2025-10-03,きゅうり,群馬,506,52215
2025-10-03,きゅうり,茨城,383,16796
2025-10-04,きゅうり,埼玉,415,26647
2025-10-04,きゅうり,宮城,450,10326
2025-10-04,きゅうり,福島,409,24555
2025-10-04,きゅうり,総計,433,157642
2025-10-04,きゅうり,群馬,503,43904
2025-10-04,きゅうり,茨城,376,12985
2025-10-06,きゅうり,埼玉,439,39803
2025-10-06,きゅうり,宮城,435,19536
2025-10-06,きゅうり,福島,418,32746
2025-10-06,きゅうり,総計,445,242934
2025-10-06,きゅうり,群馬,510,76397
2025-10-06,きゅうり,茨城,366,16899
2025-10-07,きゅうり,埼玉,445,24039
2025-10-07,きゅうり,宮城,439,12470
2025-10-07,きゅうり,福島,399,27351
2025-10-07,きゅうり,総計,437,151828
2025-10-07,きゅうり,群馬,509,40034
2025-10-07,きゅうり,茨城,376,10508
2025-10-09,きゅうり,埼玉,441,43561
2025-10-09,きゅうり,宮城,422,20682
2025-10-09,きゅうり,福島,401,35177
2025-10-09,きゅうり,総計,440,255500
2025-10-09,きゅうり,群馬,514,73029
2025-10-09,きゅうり,茨城,373,17855
2025-10-10,きゅうり,埼玉,430,32735
2025-10-10,きゅうり,宮城,437,10013
2025-10-10,きゅうり,福島,390,15469
2025-10-10,きゅうり,総計,433,143270
2025-10-10,きゅうり,群馬,488,45645
2025-10-10,きゅうり,茨城,387,11476
2025-10-11,きゅうり,埼玉,436,27578
2025-10-11,きゅうり,山形,442,8417
2025-10-11,きゅうり,福島,387,20584
2025-10-11,きゅうり,総計,430,159036
2025-10-11,きゅうり,群馬,470,54116
2025-10-11,きゅうり,茨城,377,11933
2025-10-14,きゅうり,埼玉,426,49922
2025-10-14,きゅうり,宮城,407,21190
2025-10-14,きゅうり,福島,383,34303
2025-10-14,きゅうり,総計,425,287172
2025-10-14,きゅうり,群馬,477,96405
2025-10-14,きゅうり,茨城,363,23002
2025-10-16,きゅうり,埼玉,439,35758
2025-10-16,きゅうり,宮城,424,12759
2025-10-16,きゅうり,福島,378,25927
2025-10-16,きゅうり,総計,423,202072
2025-10-16,きゅうり,群馬,462,69968
2025-10-16,きゅうり,茨城,354,14269
2025-10-17,きゅうり,埼玉,449,22434
2025-10-17,きゅうり,宮城,435,6863
2025-10-17,きゅうり,福島,407,11388
2025-10-17,きゅうり,総計,435,106811
2025-10-17,きゅうり,群馬,471,37143
2025-10-17,きゅうり,茨城,360,6510
2025-10-18,きゅうり,埼玉,457,20722
2025-10-18,きゅうり,宮崎,423,10232
2025-10-18,きゅうり,福島,403,12533
2025-10-18,きゅうり,総計,437,126003
2025-10-18,きゅうり,群馬,470,43639
2025-10-18,きゅうり,茨城,364,8129
2025-10-20,きゅうり,埼玉,452,47184
2025-10-20,きゅうり,宮城,424,13622
2025-10-20,きゅうり,宮崎,456,19412
2025-10-20,きゅうり,福島,404,17048
2025-10-20,きゅうり,総計,444,205638
2025-10-20,きゅうり,群馬,478,62256
2025-10-21,きゅうり,埼玉,456,25927
2025-10-21,きゅうり,宮崎,429,9767
2025-10-21,きゅうり,福島,399,15349
2025-10-21,きゅうり,総計,435,138532
2025-10-21,きゅうり,群馬,465,44112
2025-10-21,きゅうり,茨城,373,9932
2025-10-23,きゅうり,埼玉,445,39799
2025-10-23,きゅうり,宮崎,447,23410
2025-10-23,きゅうり,福島,412,16369
2025-10-23,きゅうり,総計,446,198158
2025-10-23,きゅうり,群馬,485,62870
2025-10-23,きゅうり,茨城,371,11991
2025-10-24,きゅうり,埼玉,467,14525
2025-10-24,きゅうり,宮城,434,6373
2025-10-24,きゅうり,宮崎,455,10394
2025-10-24,きゅうり,福島,413,7128
2025-10-24,きゅうり,総計,455,89737
2025-10-24,きゅうり,群馬,477,32510
2025-10-25,きゅうり,埼玉,483,17029
2025-10-25,きゅうり,宮城,430,6039
2025-10-25,きゅうり,宮崎,474,12178
2025-10-25,きゅうり,福島,444,8061
2025-10-25,きゅうり,総計,464,105010
2025-10-25,きゅうり,群馬,489,36735
2025-10-27,きゅうり,埼玉,513,26270
2025-10-27,きゅうり,宮城,467,10082
2025-10-27,きゅうり,宮崎,546,19957
2025-10-27,きゅうり,福島,490,12966
2025-10-27,きゅうり,総計,514,146716
2025-10-27,きゅうり,群馬,541,47963
2025-10-28,きゅうり,埼玉,556,16992
2025-10-28,きゅうり,宮城,521,5428
2025-10-28,きゅうり,宮崎,632,8898
2025-10-28,きゅうり,福島,509,8589
2025-10-28,きゅうり,総計,544,88843
2025-10-28,きゅうり,群馬,560,29868
2025-10-30,きゅうり,千葉,577,9180
2025-10-30,きゅうり,埼玉,609,32227
2025-10-30,きゅうり,宮崎,685,16199
2025-10-30,きゅうり,福島,563,11731
2025-10-30,きゅうり,総計,593,154760
2025-10-30,きゅうり,群馬,611,46266
2025-10-31,きゅうり,千葉,630,4536
2025-10-31,きゅうり,埼玉,656,21859
2025-10-31,きゅうり,宮崎,852,5959
2025-10-31,きゅうり,福島,626,4733
2025-10-31,きゅうり,総計,647,83153
2025-10-31,きゅうり,群馬,642,27685
2025-11-01,きゅうり,千葉,649,7179
2025-11-01,きゅうり,埼玉,688,26211
2025-11-01,きゅうり,宮崎,903,19055
2025-11-01,きゅうり,総計,717,113040
2025-11-01,きゅうり,群馬,698,29847
2025-11-01,きゅうり,茨城,629,5696
2025-11-04,きゅうり,千葉,651,17068
2025-11-04,きゅうり,埼玉,665,57398
2025-11-04,きゅうり,宮崎,772,34850
2025-11-04,きゅうり,福島,621,17237
2025-11-04,きゅうり,総計,679,256155
2025-11-04,きゅうり,群馬,697,71450
2025-11-06,きゅうり,千葉,633,9689
2025-11-06,きゅうり,埼玉,652,35519
2025-11-06,きゅうり,宮崎,694,34123
2025-11-06,きゅうり,福島,601,9557
2025-11-06,きゅうり,総計,647,174297
2025-11-06,きゅうり,群馬,676,43852
2025-11-07,きゅうり,千葉,637,4603
2025-11-07,きゅうり,埼玉,657,20984
2025-11-07,きゅうり,宮崎,692,18598
2025-11-07,きゅうり,福島,615,4423
2025-11-07,きゅうり,総計,651,87447
2025-11-07,きゅうり,群馬,666,22693
2025-11-08,きゅうり,千葉,626,7047
2025-11-08,きゅうり,埼玉,650,23216
2025-11-08,きゅうり,宮城,593,7583
2025-11-08,きゅうり,宮崎,678,23452
2025-11-08,きゅうり,総計,641,117648
2025-11-08,きゅうり,群馬,665,29859
2025-11-10,きゅうり,千葉,611,11421
2025-11-10,きゅうり,埼玉,622,39309
2025-11-10,きゅうり,宮崎,645,37607
2025-11-10,きゅうり,総計,624,165784
2025-11-10,きゅうり,群馬,643,44796
2025-11-11,きゅうり,千葉,610,8584
2025-11-11,きゅうり,埼玉,637,21434
2025-11-11,きゅうり,宮崎,625,33559
2025-11-11,きゅうり,福島,567,6523
2025-11-11,きゅうり,総計,611,120931
2025-11-11,きゅうり,群馬,627,27616
2025-11-13,きゅうり,千葉,568,12797
2025-11-13,きゅうり,埼玉,583,37158
2025-11-13,きゅうり,宮崎,579,67838
2025-11-13,きゅうり,総計,572,201542
2025-11-13,きゅうり,群馬,598,39026
2025-11-13,きゅうり,高知,543,15710
2025-11-14,きゅうり,埼玉,569,20511
2025-11-14,きゅうり,宮崎,577,35518
2025-11-14,きゅうり,総計,569,105326
2025-11-14,きゅうり,群馬,594,21891
2025-11-14,きゅうり,高知,548,7635
2025-11-15,きゅうり,千葉,549,7195
2025-11-15,きゅうり,埼玉,575,18723
2025-11-15,きゅうり,宮崎,567,37339
2025-11-15,きゅうり,総計,560,116086
2025-11-15,きゅうり,群馬,578,25055
2025-11-15,きゅうり,高知,555,6979
2025-11-17,きゅうり,埼玉,550,34378
2025-11-17,きゅうり,宮崎,558,47077
2025-11-17,きゅうり,総計,543,165607
2025-11-17,きゅうり,群馬,548,37569
2025-11-17,きゅうり,高知,535,13929
2025-11-18,きゅうり,千葉,544,9348
2025-11-18,きゅうり,埼玉,552,24063
2025-11-18,きゅうり,宮崎,561,28734
2025-11-18,きゅうり,総計,541,110197
2025-11-18,きゅうり,群馬,546,20948
2025-11-18,きゅうり,高知,518,9144
2025-11-20,きゅうり,千葉,530,16998
2025-11-20,きゅうり,埼玉,538,34173
2025-11-20,きゅうり,宮崎,537,53506
2025-11-20,きゅうり,総計,523,182742
2025-11-20,きゅうり,群馬,528,38535
2025-11-20,きゅうり,高知,486,18526
2025-11-21,きゅうり,埼玉,543,19137
2025-11-21,きゅうり,宮崎,535,33007
2025-11-21,きゅうり,総計,530,91922
2025-11-21,きゅうり,群馬,531,14373
2025-11-21,きゅうり,高知,494,8429
2025-11-22,きゅうり,千葉,530,10861
2025-11-22,きゅうり,埼玉,545,20604
2025-11-22,きゅうり,宮崎,532,36793
2025-11-22,きゅうり,総計,527,111181
2025-11-22,きゅうり,群馬,528,18477
2025-11-22,きゅうり,高知,516,10500
2025-11-25,きゅうり,千葉,508,29419
2025-11-25,きゅうり,埼玉,512,51280
2025-11-25,きゅうり,宮崎,521,80173
2025-11-25,きゅうり,総計,508,256863
2025-11-25,きゅうり,群馬,503,47741
2025-11-26,きゅうり,千葉,514,12411
2025-11-26,きゅうり,埼玉,520,19518
2025-11-26,きゅうり,宮崎,521,33285
2025-11-26,きゅうり,総計,510,98447
2025-11-26,きゅうり,群馬,497,15056
2025-11-27,きゅうり,千葉,501,12362
2025-11-27,きゅうり,埼玉,510,16173
2025-11-27,きゅうり,宮崎,501,46506
2025-11-27,きゅうり,総計,496,109988
2025-11-27,きゅうり,群馬,486,14863
2025-11-28,きゅうり,埼玉,501,18688
2025-11-28,きゅうり,宮崎,502,39945
2025-11-28,きゅうり,総計,497,99196
2025-11-28,きゅうり,群馬,488,11207
2025-11-28,きゅうり,高知,477,11779
2025-11-29,きゅうり,千葉,501,12839
2025-11-29,きゅうり,埼玉,505,18648
2025-11-29,きゅうり,宮崎,487,63395
2025-11-29,きゅうり,総計,488,135323
2025-11-29,きゅうり,群馬,484,16057
2025-12-01,きゅうり,千葉,465,28822
2025-12-01,きゅうり,埼玉,472,33271
2025-12-01,きゅうり,宮崎,499,84989
2025-12-01,きゅうり,総計,479,208871
2025-12-01,きゅうり,群馬,480,24777
2025-12-02,きゅうり,千葉,469,16969
2025-12-02,きゅうり,埼玉,463,18267
2025-12-02,きゅうり,宮崎,486,56650
2025-12-02,きゅうり,総計,473,130462
2025-12-02,きゅうり,群馬,466,13742
2025-12-04,きゅうり,千葉,453,32768
2025-12-04,きゅうり,埼玉,466,31318
2025-12-04,きゅうり,宮崎,485,92792
2025-12-04,きゅうり,総計,467,217178
2025-12-04,きゅうり,高知,446,22382
2025-12-05,きゅうり,千葉,454,16875
2025-12-05,きゅうり,埼玉,470,11784
2025-12-05,きゅうり,宮崎,479,46945
2025-12-05,きゅうり,総計,466,108844
2025-12-05,きゅうり,高知,452,14001
2025-12-06,きゅうり,千葉,461,14408
2025-12-06,きゅうり,埼玉,479,14445
2025-12-06,きゅうり,宮崎,479,54318
2025-12-06,きゅうり,総計,466,117724
2025-12-06,きゅうり,高知,444,12665
2025-12-08,きゅうり,千葉,452,29418
2025-12-08,きゅうり,埼玉,464,22497
2025-12-08,きゅうり,宮崎,479,80772
2025-12-08,きゅうり,総計,463,180753
2025-12-08,きゅうり,高知,449,19637
2025-12-09,きゅうり,千葉,457,16860
2025-12-09,きゅうり,埼玉,479,15722
2025-12-09,きゅうり,宮崎,479,52280
2025-12-09,きゅうり,総計,469,119144
2025-12-09,きゅうり,高知,459,13348
2025-12-11,きゅうり,千葉,458,32070
2025-12-11,きゅうり,埼玉,473,22244
2025-12-11,きゅうり,宮崎,488,80637
2025-12-11,きゅうり,総計,470,187609
2025-12-11,きゅうり,高知,453,23292
2025-12-12,きゅうり,千葉,471,15816
2025-12-12,きゅうり,埼玉,479,9402
2025-12-12,きゅうり,宮崎,483,49312
2025-12-12,きゅうり,総計,474,102393
2025-12-12,きゅうり,高知,459,12707
2025-12-13,きゅうり,千葉,466,16090
2025-12-13,きゅうり,埼玉,474,13197
2025-12-13,きゅうり,宮崎,484,59236
2025-12-13,きゅうり,総計,470,125389
2025-12-13,きゅうり,高知,465,12909
2025-12-15,きゅうり,千葉,490,31134
2025-12-15,きゅうり,埼玉,497,16903
2025-12-15,きゅうり,宮崎,538,89361
2025-12-15,きゅうり,総計,511,180600
2025-12-15,きゅうり,高知,474,18729
2025-12-16,きゅうり,千葉,503,13994
2025-12-16,きゅうり,埼玉,495,10107
2025-12-16,きゅうり,宮崎,514,55577
2025-12-16,きゅうり,総計,500,107527
2025-12-16,きゅうり,高知,483,12929
2025-12-18,きゅうり,千葉,500,24108
2025-12-18,きゅうり,埼玉,511,14656
2025-12-18,きゅうり,宮崎,527,84260
2025-12-18,きゅうり,総計,509,169998
2025-12-18,きゅうり,高知,484,20856
2025-12-19,きゅうり,千葉,510,15728
2025-12-19,きゅうり,埼玉,504,8054
2025-12-19,きゅうり,宮崎,524,46020
2025-12-19,きゅうり,総計,505,98525
2025-12-19,きゅうり,高知,461,14173
2025-12-20,きゅうり,千葉,515,16971
2025-12-20,きゅうり,埼玉,539,8431
2025-12-20,きゅうり,宮崎,527,58830
2025-12-20,きゅうり,総計,511,119218
2025-12-20,きゅうり,高知,495,13018
2025-12-22,きゅうり,千葉,519,29659
2025-12-22,きゅうり,宮崎,545,86856
2025-12-22,きゅうり,総計,533,171988
2025-12-22,きゅうり,高知,517,21255
2025-12-23,きゅうり,千葉,530,16278
2025-12-23,きゅうり,宮崎,541,62513
2025-12-23,きゅうり,総計,535,114445
2025-12-23,きゅうり,高知,525,15564
2025-12-25,きゅうり,千葉,532,24866
2025-12-25,きゅうり,宮崎,570,99641
2025-12-25,きゅうり,総計,554,181873
2025-12-25,きゅうり,高知,529,19947
2025-12-25,きゅうり,鹿児島,523,10729
2025-12-26,きゅうり,千葉,569,14928
2025-12-26,きゅうり,宮崎,564,48255
2025-12-26,きゅうり,総計,556,92728
2025-12-26,きゅうり,高知,537,13662
2025-12-27,きゅうり,千葉,576,13749
2025-12-27,きゅうり,宮崎,566,65897
2025-12-27,きゅうり,総計,561,117191
2025-12-27,きゅうり,高知,565,15548
2025-12-28,きゅうり,千葉,584,20327
2025-12-28,きゅうり,宮崎,594,60407
2025-12-28,きゅうり,総計,579,108920
2025-12-28,きゅうり,高知,533,13140
2025-12-29,きゅうり,千葉,563,14898
2025-12-29,きゅうり,宮崎,600,73636
2025-12-29,きゅうり,総計,577,121076
2025-12-29,きゅうり,高知,549,11455
2026-01-05,きゅうり,千葉,433,91127
2026-01-05,きゅうり,宮崎,514,266995
2026-01-05,きゅうり,総計,480,525701
2026-01-05,きゅうり,高知,419,82423
2026-01-06,きゅうり,千葉,447,19751
2026-01-06,きゅうり,宮崎,524,30620
2026-01-06,きゅうり,総計,479,88846
2026-01-06,きゅうり,高知,440,17212
2026-01-06,きゅうり,鹿児島,464,7476
2026-01-08,きゅうり,千葉,471,23390
2026-01-08,きゅうり,宮崎,496,120827
2026-01-08,きゅうり,総計,485,207452
2026-01-08,きゅうり,高知,465,21963
2026-01-09,きゅうり,千葉,455,21593
2026-01-09,きゅうり,宮崎,507,60347
2026-01-09,きゅうり,総計,490,110615
2026-01-09,きゅうり,高知,475,13241
2026-01-10,きゅうり,千葉,482,18412
2026-01-10,きゅうり,宮崎,502,78648
2026-01-10,きゅうり,総計,490,138631
2026-01-10,きゅうり,高知,475,12550
2026-01-10,きゅうり,鹿児島,446,9712
2026-01-13,きゅうり,千葉,476,54324
2026-01-13,きゅうり,宮崎,503,149915
2026-01-13,きゅうり,総計,493,296107
2026-01-13,きゅうり,高知,480,34732
2026-01-15,きゅうり,千葉,475,34045
2026-01-15,きゅうり,宮崎,514,100603
2026-01-15,きゅうり,総計,495,205277
2026-01-15,きゅうり,茨城,469,12390
2026-01-15,きゅうり,高知,485,23893
2026-01-16,きゅうり,千葉,482,19135
2026-01-16,きゅうり,宮崎,510,55607
2026-01-16,きゅうり,総計,496,115196
2026-01-16,きゅうり,茨城,467,7480
2026-01-16,きゅうり,高知,480,15582
2026-01-17,きゅうり,千葉,480,19731
2026-01-17,きゅうり,宮崎,511,61756
2026-01-17,きゅうり,総計,492,125223
2026-01-17,きゅうり,群馬,450,9706
2026-01-17,きゅうり,高知,487,12923
2026-01-19,きゅうり,千葉,472,35774
2026-01-19,きゅうり,宮崎,514,90706
2026-01-19,きゅうり,総計,495,196476
2026-01-19,きゅうり,群馬,490,13324
2026-01-19,きゅうり,高知,479,25420
2026-01-20,きゅうり,千葉,483,20397
2026-01-20,きゅうり,宮崎,504,64427
2026-01-20,きゅうり,総計,495,126581
2026-01-20,きゅうり,群馬,465,9995
2026-01-20,きゅうり,高知,490,14483
2026-01-22,きゅうり,千葉,473,38492
2026-01-22,きゅうり,宮崎,511,97890
2026-01-22,きゅうり,総計,493,207082
2026-01-22,きゅうり,群馬,505,16283
2026-01-22,きゅうり,高知,479,20544
2026-01-23,きゅうり,千葉,474,18765
2026-01-23,きゅうり,宮崎,511,52423
2026-01-23,きゅうり,総計,497,110574
2026-01-23,きゅうり,群馬,494,10598
2026-01-23,きゅうり,高知,489,14301
2026-01-24,きゅうり,千葉,484,18924
2026-01-24,きゅうり,宮崎,516,59169
2026-01-24,きゅうり,総計,497,125212
2026-01-24,きゅうり,群馬,496,11374
2026-01-24,きゅうり,高知,479,12938
2026-01-26,きゅうり,千葉,472,34217
2026-01-26,きゅうり,宮崎,508,92284
2026-01-26,きゅうり,総計,495,204254
2026-01-26,きゅうり,群馬,513,18788
2026-01-26,きゅうり,高知,497,24514
2026-01-27,きゅうり,千葉,479,20161
2026-01-27,きゅうり,宮崎,501,55479
2026-01-27,きゅうり,総計,495,123514
2026-01-27,きゅうり,群馬,509,12966
2026-01-27,きゅうり,高知,486,14912
2026-01-29,きゅうり,千葉,468,36812
2026-01-29,きゅうり,宮崎,514,94860
2026-01-29,きゅうり,総計,496,206730
2026-01-29,きゅうり,群馬,511,17916
2026-01-29,きゅうり,高知,491,22894
2026-01-30,きゅうり,千葉,473,19961
2026-01-30,きゅうり,宮崎,507,44185
2026-01-30,きゅうり,総計,492,106990
2026-01-30,きゅうり,群馬,489,12511
2026-01-30,きゅうり,高知,488,13498
2026-01-31,きゅうり,千葉,466,21132
2026-01-31,きゅうり,宮崎,507,58169
2026-01-31,きゅうり,総計,491,132630
2026-01-31,きゅうり,群馬,497,17961
2026-01-31,きゅうり,高知,481,14613
2026-02-02,きゅうり,千葉,421,40116
2026-02-02,きゅうり,宮崎,480,85058
2026-02-02,きゅうり,総計,456,210945
2026-02-02,きゅうり,群馬,512,22001
2026-02-02,きゅうり,高知,443,25001
2026-02-03,きゅうり,千葉,387,26419
2026-02-03,きゅうり,宮崎,474,46956
2026-02-03,きゅうり,総計,447,122775
2026-02-03,きゅうり,群馬,486,16506
2026-02-03,きゅうり,高知,438,13607
2026-02-05,きゅうり,千葉,393,46447
2026-02-05,きゅうり,宮崎,472,81538
2026-02-05,きゅうり,総計,440,211417
2026-02-05,きゅうり,群馬,483,28072
2026-02-05,きゅうり,高知,422,26093
2026-02-06,きゅうり,千葉,393,25124
2026-02-06,きゅうり,宮崎,476,44260
2026-02-06,きゅうり,総計,443,112374
2026-02-06,きゅうり,群馬,470,15094
2026-02-06,きゅうり,高知,423,14156
2026-02-07,きゅうり,千葉,391,23025
2026-02-07,きゅうり,宮崎,470,53035
2026-02-07,きゅうり,総計,443,132819
2026-02-07,きゅうり,群馬,483,18768
2026-02-07,きゅうり,高知,421,15123
2026-02-09,きゅうり,千葉,391,41383
2026-02-09,きゅうり,宮崎,474,86390
2026-02-09,きゅうり,総計,438,204301
2026-02-09,きゅうり,群馬,460,26228
2026-02-09,きゅうり,高知,410,25260
2026-02-10,きゅうり,千葉,396,17664
2026-02-10,きゅうり,宮崎,460,54734
2026-02-10,きゅうり,総計,442,121552
2026-02-10,きゅうり,群馬,461,19743
2026-02-10,きゅうり,高知,412,13366
2026-02-12,きゅうり,千葉,393,32054
2026-02-12,きゅうり,宮崎,452,87744
2026-02-12,きゅうり,総計,429,201658
2026-02-12,きゅうり,群馬,456,29323
2026-02-12,きゅうり,高知,403,19438
2026-02-13,きゅうり,千葉,391,18993
2026-02-13,きゅうり,宮崎,454,40899
2026-02-13,きゅうり,総計,428,99858
2026-02-13,きゅうり,群馬,440,16288
2026-02-13,きゅうり,高知,396,11683
2026-02-14,きゅうり,千葉,400,19267
2026-02-14,きゅうり,宮崎,450,46285
2026-02-14,きゅうり,総計,428,113779
2026-02-14,きゅうり,群馬,445,17427
2026-02-14,きゅうり,高知,408,12431
2026-02-16,きゅうり,千葉,386,30680
2026-02-16,きゅうり,宮崎,451,82800
2026-02-16,きゅうり,総計,425,195197
2026-02-16,きゅうり,群馬,439,34190
2026-02-16,きゅうり,高知,404,21057
2026-02-17,きゅうり,千葉,386,19618
2026-02-17,きゅうり,宮崎,437,51331
2026-02-17,きゅうり,総計,419,125320
2026-02-17,きゅうり,群馬,432,22789
2026-02-17,きゅうり,高知,412,10926
2026-02-19,きゅうり,千葉,381,37764
2026-02-19,きゅうり,宮崎,436,86333
2026-02-19,きゅうり,総計,415,216675
2026-02-19,きゅうり,群馬,431,38863
2026-02-19,きゅうり,高知,400,23783
2026-02-20,きゅうり,千葉,389,18662
2026-02-20,きゅうり,宮崎,424,51908
2026-02-20,きゅうり,総計,411,122828
2026-02-20,きゅうり,群馬,401,24319
2026-02-20,きゅうり,高知,406,14517
2026-02-21,きゅうり,千葉,383,19863
2026-02-21,きゅうり,宮崎,423,67798
2026-02-21,きゅうり,総計,410,153903
2026-02-21,きゅうり,群馬,422,26367
2026-02-21,きゅうり,高知,407,13469
2026-02-24,きゅうり,千葉,367,65402
2026-02-24,きゅうり,宮崎,431,130304
2026-02-24,きゅうり,総計,401,366765
2026-02-24,きゅうり,群馬,411,75906
2026-02-24,きゅうり,高知,362,36859
2026-02-26,きゅうり,千葉,347,50011
2026-02-26,きゅうり,宮崎,430,85585
2026-02-26,きゅうり,総計,392,272210
2026-02-26,きゅうり,群馬,405,61742
2026-02-26,きゅうり,高知,366,24527
2026-02-27,きゅうり,千葉,350,25115
2026-02-27,きゅうり,宮崎,419,43341
2026-02-27,きゅうり,総計,392,125464
2026-02-27,きゅうり,群馬,405,23808
2026-02-27,きゅうり,高知,374,14488
2026-02-28,きゅうり,千葉,353,26586
2026-02-28,きゅうり,宮崎,432,55749
2026-02-28,きゅうり,総計,396,147543
2026-02-28,きゅうり,群馬,394,26470
2026-02-28,きゅうり,高知,375,13156
2026-03-02,きゅうり,千葉,350,25604
2026-03-02,きゅうり,宮崎,421,90916
2026-03-02,きゅうり,総計,395,229493
2026-03-02,きゅうり,群馬,409,50713
2026-03-02,きゅうり,高知,362,21415
2026-03-03,きゅうり,千葉,356,17342
2026-03-03,きゅうり,宮崎,408,57370
2026-03-03,きゅうり,総計,397,145219
2026-03-03,きゅうり,群馬,415,30246
2026-03-03,きゅうり,高知,381,11588
2026-03-05,きゅうり,千葉,348,36940
2026-03-05,きゅうり,宮崎,423,80772
2026-03-05,きゅうり,総計,394,245317
2026-03-05,きゅうり,群馬,410,57617
2026-03-05,きゅうり,茨城,341,16860
2026-03-05,きゅうり,高知,367,18259
2026-03-06,きゅうり,千葉,360,14231
2026-03-06,きゅうり,宮崎,420,42693
2026-03-06,きゅうり,総計,397,116116
2026-03-06,きゅうり,群馬,407,24490
2026-03-06,きゅうり,高知,370,13039
2026-03-07,きゅうり,千葉,361,15411
2026-03-07,きゅうり,埼玉,422,10223
2026-03-07,きゅうり,宮崎,420,50456
2026-03-07,きゅうり,総計,400,138102
2026-03-07,きゅうり,群馬,406,32789
2026-03-07,きゅうり,高知,380,10841
2026-03-09,きゅうり,千葉,367,32163
2026-03-09,きゅうり,埼玉,423,18645
2026-03-09,きゅうり,宮崎,428,71248
2026-03-09,きゅうり,総計,403,235387
2026-03-09,きゅうり,群馬,408,63337
2026-03-09,きゅうり,高知,374,21350
2026-03-10,きゅうり,千葉,379,20849
2026-03-10,きゅうり,埼玉,430,12774
2026-03-10,きゅうり,宮崎,424,40799
2026-03-10,きゅうり,総計,407,138186
2026-03-10,きゅうり,群馬,407,35547
2026-03-10,きゅうり,高知,389,11833
2026-03-12,きゅうり,千葉,372,35677
2026-03-12,きゅうり,埼玉,426,23419
2026-03-12,きゅうり,宮崎,436,67348
2026-03-12,きゅうり,総計,408,247416
2026-03-12,きゅうり,群馬,415,67349
2026-03-12,きゅうり,高知,374,19993
2026-03-13,きゅうり,千葉,375,17814
2026-03-13,きゅうり,埼玉,422,14880
2026-03-13,きゅうり,宮崎,425,34043
2026-03-13,きゅうり,総計,404,135321
2026-03-13,きゅうり,群馬,406,40000
2026-03-13,きゅうり,高知,379,13511
2026-03-14,きゅうり,千葉,374,19164
2026-03-14,きゅうり,埼玉,421,16071
2026-03-14,きゅうり,宮崎,434,42351
2026-03-14,きゅうり,総計,407,152229
2026-03-14,きゅうり,群馬,407,39777
2026-03-14,きゅうり,高知,380,11671
2026-03-16,きゅうり,千葉,360,41050
2026-03-16,きゅうり,埼玉,396,27838
2026-03-16,きゅうり,宮崎,427,74339
2026-03-16,きゅうり,総計,398,278274
2026-03-16,きゅうり,群馬,409,74722
2026-03-16,きゅうり,高知,363,21471
2026-03-17,きゅうり,千葉,347,27233
2026-03-17,きゅうり,埼玉,399,17373
2026-03-17,きゅうり,宮崎,417,46267
2026-03-17,きゅうり,総計,392,170745
2026-03-17,きゅうり,群馬,403,45000
2026-03-17,きゅうり,高知,372,12875
2026-03-19,きゅうり,千葉,344,39903
2026-03-19,きゅうり,埼玉,386,35819
2026-03-19,きゅうり,宮崎,400,77887
2026-03-19,きゅうり,総計,382,307789
2026-03-19,きゅうり,群馬,404,84732
2026-03-19,きゅうり,茨城,337,23307
2026-03-21,きゅうり,千葉,333,41265
2026-03-21,きゅうり,埼玉,388,32597
2026-03-21,きゅうり,宮崎,396,83337
2026-03-21,きゅうり,総計,374,309338
2026-03-21,きゅうり,群馬,399,80044
2026-03-21,きゅうり,高知,331,27843
2026-03-23,きゅうり,千葉,322,34329
2026-03-23,きゅうり,埼玉,381,28809
2026-03-23,きゅうり,宮崎,392,65751
2026-03-23,きゅうり,総計,361,258087
2026-03-23,きゅうり,群馬,378,66194
2026-03-23,きゅうり,高知,325,24006
2026-03-24,きゅうり,千葉,321,21740
2026-03-24,きゅうり,埼玉,374,21009
2026-03-24,きゅうり,宮崎,386,45209
2026-03-24,きゅうり,総計,363,163221
2026-03-24,きゅうり,群馬,375,40872
2026-03-24,きゅうり,高知,343,12811
2026-03-26,きゅうり,千葉,285,41617
2026-03-26,きゅうり,埼玉,353,38080
2026-03-26,きゅうり,宮崎,363,81313
2026-03-26,きゅうり,総計,337,306200
2026-03-26,きゅうり,群馬,361,81530
2026-03-26,きゅうり,高知,315,20915
2026-03-27,きゅうり,千葉,286,19737
2026-03-27,きゅうり,埼玉,358,18176
2026-03-27,きゅうり,宮崎,354,35419
2026-03-27,きゅうり,総計,337,143115
2026-03-27,きゅうり,群馬,356,37295
2026-03-27,きゅうり,高知,338,12526
2026-03-28,きゅうり,千葉,295,15459
2026-03-28,きゅうり,埼玉,363,21330
2026-03-28,きゅうり,宮崎,356,50280
2026-03-28,きゅうり,総計,342,160952
2026-03-28,きゅうり,群馬,355,39694
2026-03-28,きゅうり,高知,334,12608
2026-03-30,きゅうり,千葉,300,24747
2026-03-30,きゅうり,埼玉,353,41260
2026-03-30,きゅうり,宮崎,357,68895
2026-03-30,きゅうり,総計,338,262637
2026-03-30,きゅうり,群馬,355,73900
2026-03-30,きゅうり,高知,303,18523
2026-03-31,きゅうり,千葉,298,16455
2026-03-31,きゅうり,埼玉,340,28616
2026-03-31,きゅうり,宮崎,355,40284
2026-03-31,きゅうり,総計,338,166738
2026-03-31,きゅうり,群馬,348,49067
2026-04-02,きゅうり,千葉,277,38849
2026-04-02,きゅうり,埼玉,341,43715
2026-04-02,きゅうり,宮崎,339,67665
2026-04-02,きゅうり,総計,319,307692
2026-04-02,きゅうり,群馬,338,89054
2026-04-02,きゅうり,高知,286,23954
2026-04-03,きゅうり,千葉,278,19378
2026-04-03,きゅうり,埼玉,343,20282
2026-04-03,きゅうり,宮崎,332,36609
2026-04-03,きゅうり,総計,320,138813
2026-04-03,きゅうり,群馬,343,32982
2026-04-03,きゅうり,高知,288,11878
2026-04-04,きゅうり,千葉,291,17215
2026-04-04,きゅうり,埼玉,342,24104
2026-04-04,きゅうり,宮崎,334,43256
2026-04-04,きゅうり,総計,323,155354
2026-04-04,きゅうり,群馬,341,36481
2026-04-04,きゅうり,高知,293,10510
2026-04-06,きゅうり,千葉,294,29436
2026-04-06,きゅうり,埼玉,348,45136
2026-04-06,きゅうり,宮崎,338,70601
2026-04-06,きゅうり,総計,330,268058
2026-04-06,きゅうり,群馬,348,70631
2026-04-07,きゅうり,千葉,292,18179
2026-04-07,きゅうり,埼玉,344,30192
2026-04-07,きゅうり,宮崎,336,39643
2026-04-07,きゅうり,総計,327,162150
2026-04-07,きゅうり,群馬,338,40306
2026-04-07,きゅうり,高知,304,11359
2026-04-09,きゅうり,千葉,286,32744
2026-04-09,きゅうり,埼玉,346,46704
2026-04-09,きゅうり,宮崎,332,70945
2026-04-09,きゅうり,総計,323,286257
2026-04-09,きゅうり,群馬,343,78315
2026-04-09,きゅうり,茨城,268,18761
2026-04-10,きゅうり,千葉,297,14927
2026-04-10,きゅうり,埼玉,343,30480
2026-04-10,きゅうり,宮崎,335,37661
2026-04-10,きゅうり,総計,327,148611
2026-04-10,きゅうり,群馬,339,37892
2026-04-11,きゅうり,千葉,299,14269
2026-04-11,きゅうり,埼玉,344,35026
2026-04-11,きゅうり,宮崎,324,52845
2026-04-11,きゅうり,総計,327,183407
2026-04-11,きゅうり,群馬,341,44063
2026-04-11,きゅうり,茨城,286,10952
2026-04-13,きゅうり,千葉,291,33422
2026-04-13,きゅうり,埼玉,344,59372
2026-04-13,きゅうり,宮崎,336,70056
2026-04-13,きゅうり,総計,325,301031
2026-04-13,きゅうり,群馬,340,76013
2026-04-13,きゅうり,茨城,273,24514
2026-04-14,きゅうり,千葉,304,23257
2026-04-14,きゅうり,埼玉,345,37685
2026-04-14,きゅうり,宮崎,335,36182
2026-04-14,きゅうり,総計,329,178943
2026-04-14,きゅうり,群馬,340,46106
2026-04-16,きゅうり,千葉,300,35370
2026-04-16,きゅうり,埼玉,341,72509
2026-04-16,きゅうり,宮崎,330,73191
2026-04-16,きゅうり,総計,327,334737
2026-04-16,きゅうり,群馬,344,84753
2026-04-16,きゅうり,茨城,272,22694
2026-04-17,きゅうり,千葉,299,19308
2026-04-17,きゅうり,埼玉,340,41480
2026-04-17,きゅうり,宮崎,332,34755
2026-04-17,きゅうり,総計,326,188263
2026-04-17,きゅうり,群馬,337,48380
2026-04-17,きゅうり,高知,301,11903
2026-04-18,きゅうり,千葉,303,18441
2026-04-18,きゅうり,埼玉,340,42309
2026-04-18,きゅうり,宮崎,335,38893
2026-04-18,きゅうり,総計,329,187031
2026-04-18,きゅうり,群馬,340,44037
2026-04-18,きゅうり,茨城,277,11369
2026-04-20,きゅうり,千葉,305,36196
2026-04-20,きゅうり,埼玉,341,78272
2026-04-20,きゅうり,宮崎,342,57172
2026-04-20,きゅうり,総計,330,330276
2026-04-20,きゅうり,群馬,340,88154
2026-04-20,きゅうり,茨城,277,22273
2026-04-21,きゅうり,千葉,306,20675
2026-04-21,きゅうり,埼玉,334,53125
2026-04-21,きゅうり,宮崎,338,33288
2026-04-21,きゅうり,総計,328,205437
2026-04-21,きゅうり,群馬,335,53333
2026-04-21,きゅうり,茨城,278,12433
2026-04-23,きゅうり,千葉,302,46133
2026-04-23,きゅうり,埼玉,339,81329
2026-04-23,きゅうり,宮崎,340,57329
2026-04-23,きゅうり,総計,327,359990
2026-04-23,きゅうり,群馬,340,94626
2026-04-23,きゅうり,茨城,275,26716
2026-04-24,きゅうり,千葉,307,26985
2026-04-24,きゅうり,埼玉,340,44622
2026-04-24,きゅうり,宮崎,332,58669
2026-04-24,きゅうり,総計,328,216438
2026-04-24,きゅうり,群馬,340,42848
2026-04-24,きゅうり,茨城,274,13078
2026-04-25,きゅうり,千葉,308,25206
2026-04-25,きゅうり,埼玉,344,45725
2026-04-25,きゅうり,宮崎,364,28728
2026-04-25,きゅうり,総計,335,197790
2026-04-25,きゅうり,群馬,342,46697
2026-04-25,きゅうり,茨城,277,14545
2026-04-27,きゅうり,千葉,304,41054
2026-04-27,きゅうり,埼玉,349,72592
2026-04-27,きゅうり,宮崎,379,46560
2026-04-27,きゅうり,総計,344,313443
2026-04-27,きゅうり,群馬,366,79899
2026-04-27,きゅうり,茨城,277,24182
2026-04-28,きゅうり,千葉,308,20901
2026-04-28,きゅうり,埼玉,356,49420
2026-04-28,きゅうり,宮崎,368,27454
2026-04-28,きゅうり,総計,348,187403
2026-04-28,きゅうり,群馬,364,44425
2026-04-28,きゅうり,茨城,278,12313
2026-04-30,きゅうり,千葉,306,42887
2026-04-30,きゅうり,埼玉,361,84463
2026-04-30,きゅうり,宮崎,427,45020
2026-04-30,きゅうり,総計,362,338293
2026-04-30,きゅうり,群馬,385,90722
2026-04-30,きゅうり,茨城,285,23784
2026-05-01,きゅうり,千葉,308,21773
2026-05-01,きゅうり,埼玉,373,44875
2026-05-01,きゅうり,宮崎,421,22305
2026-05-01,きゅうり,総計,362,184833
2026-05-01,きゅうり,群馬,378,51135
2026-05-01,きゅうり,茨城,286,12287
2026-05-02,きゅうり,千葉,320,18978
2026-05-02,きゅうり,埼玉,370,33904
2026-05-02,きゅうり,宮崎,422,27044
2026-05-02,きゅうり,総計,370,162031
2026-05-02,きゅうり,群馬,383,39754
2026-05-02,きゅうり,茨城,335,11989
2026-05-06,きゅうり,千葉,309,63489
2026-05-06,きゅうり,埼玉,365,158474
2026-05-06,きゅうり,宮城,362,34917
2026-05-06,きゅうり,宮崎,391,89488
2026-05-06,きゅうり,総計,363,584165
2026-05-06,きゅうり,群馬,388,145447
2026-05-07,きゅうり,千葉,311,19678
2026-05-07,きゅうり,埼玉,363,48066
2026-05-07,きゅうり,宮崎,393,40124
2026-05-07,きゅうり,栃木,317,11299
2026-05-07,きゅうり,総計,362,202805
2026-05-07,きゅうり,群馬,386,49256
2026-05-08,きゅうり,千葉,303,18296
2026-05-08,きゅうり,埼玉,355,47729
2026-05-08,きゅうり,宮崎,376,24010
2026-05-08,きゅうり,総計,354,181145
2026-05-08,きゅうり,群馬,380,45783
2026-05-08,きゅうり,茨城,284,10162
2026-05-09,きゅうり,千葉,309,20446
2026-05-09,きゅうり,埼玉,344,59961
2026-05-09,きゅうり,宮崎,390,27127
2026-05-09,きゅうり,総計,353,213618
2026-05-09,きゅうり,群馬,377,50845
2026-05-09,きゅうり,茨城,284,11874
2026-05-11,きゅうり,千葉,305,34902
2026-05-11,きゅうり,埼玉,342,92871
2026-05-11,きゅうり,宮城,337,25605
2026-05-11,きゅうり,宮崎,340,52404
2026-05-11,きゅうり,総計,337,361364
2026-05-11,きゅうり,群馬,362,90900
2026-05-12,きゅうり,千葉,312,20273
2026-05-12,きゅうり,埼玉,338,64562
2026-05-12,きゅうり,宮崎,328,28733
2026-05-12,きゅうり,総計,334,217779
2026-05-12,きゅうり,群馬,355,48808
2026-05-12,きゅうり,茨城,273,11134
2026-05-14,きゅうり,千葉,269,41143
2026-05-14,きゅうり,埼玉,310,115062
2026-05-14,きゅうり,宮城,309,31481
2026-05-14,きゅうり,宮崎,333,52575
2026-05-14,きゅうり,総計,311,427880
2026-05-14,きゅうり,群馬,332,107287
2026-05-15,きゅうり,千葉,271,21731
2026-05-15,きゅうり,埼玉,304,57168
2026-05-15,きゅうり,宮城,309,16836
2026-05-15,きゅうり,宮崎,321,25850
2026-05-15,きゅうり,総計,306,234410
2026-05-15,きゅうり,群馬,323,59639
2026-05-16,きゅうり,千葉,267,21826
2026-05-16,きゅうり,埼玉,302,56498
2026-05-16,きゅうり,宮城,300,18504
2026-05-16,きゅうり,宮崎,328,30508
2026-05-16,きゅうり,総計,304,235137
2026-05-16,きゅうり,群馬,324,51160
2026-05-18,きゅうり,千葉,255,37939
2026-05-18,きゅうり,埼玉,290,100040
2026-05-18,きゅうり,宮城,291,29560
2026-05-18,きゅうり,宮崎,312,44673
2026-05-18,きゅうり,総計,290,385364
2026-05-18,きゅうり,群馬,309,92842
2026-05-19,きゅうり,千葉,254,21392
2026-05-19,きゅうり,埼玉,283,63881
2026-05-19,きゅうり,宮城,295,15595
2026-05-19,きゅうり,宮崎,310,27336
2026-05-19,きゅうり,総計,289,238648
2026-05-19,きゅうり,群馬,307,51407
2026-05-21,きゅうり,千葉,246,49866
2026-05-21,きゅうり,埼玉,274,120459
2026-05-21,きゅうり,宮城,277,34081
2026-05-21,きゅうり,宮崎,309,47013
2026-05-21,きゅうり,総計,275,471731
2026-05-21,きゅうり,群馬,293,113168
2026-05-22,きゅうり,千葉,256,30313
2026-05-22,きゅうり,埼玉,268,63753
2026-05-22,きゅうり,宮城,277,19464
2026-05-22,きゅうり,宮崎,295,26331
2026-05-22,きゅうり,総計,269,267814
2026-05-22,きゅうり,群馬,282,60259
2026-05-23,きゅうり,千葉,226,24358
2026-05-23,きゅうり,埼玉,257,56381
2026-05-23,きゅうり,宮崎,291,31905
2026-05-23,きゅうり,総計,263,261085
2026-05-23,きゅうり,群馬,284,60107
2026-05-23,きゅうり,茨城,196,20882
2026-05-25,きゅうり,千葉,239,23207
2026-05-25,きゅうり,埼玉,264,69569
2026-05-25,きゅうり,宮崎,283,44344
2026-05-25,きゅうり,総計,264,301665
2026-05-25,きゅうり,群馬,284,71485
2026-05-25,きゅうり,茨城,189,21702
2026-05-26,きゅうり,千葉,238,14948
2026-05-26,きゅうり,埼玉,256,52530
2026-05-26,きゅうり,宮崎,275,24587
2026-05-26,きゅうり,福島,294,13573
2026-05-26,きゅうり,総計,265,200213
2026-05-26,きゅうり,群馬,288,41957
2026-05-28,きゅうり,千葉,225,30135
2026-05-28,きゅうり,埼玉,248,91988
2026-05-28,きゅうり,宮城,252,29111
2026-05-28,きゅうり,宮崎,278,40971
2026-05-28,きゅうり,総計,257,377900
2026-05-28,きゅうり,群馬,281,93741
2026-05-29,きゅうり,埼玉,250,56383
2026-05-29,きゅうり,宮城,252,17798
2026-05-29,きゅうり,宮崎,264,21844
2026-05-29,きゅうり,福島,282,17560
2026-05-29,きゅうり,総計,253,219014
2026-05-29,きゅうり,群馬,277,48081
2026-05-30,きゅうり,埼玉,248,57557
2026-05-30,きゅうり,宮城,245,19003
2026-05-30,きゅうり,宮崎,281,20296
2026-05-30,きゅうり,福島,286,22410
2026-05-30,きゅうり,総計,256,235474
2026-05-30,きゅうり,群馬,276,54338
2026-06-01,きゅうり,千葉,221,33015
2026-06-01,きゅうり,埼玉,253,92936
2026-06-01,きゅうり,宮城,248,33748
2026-06-01,きゅうり,福島,288,26625
2026-06-01,きゅうり,総計,255,364892
2026-06-01,きゅうり,群馬,278,99515
2026-06-02,きゅうり,千葉,218,16305
2026-06-02,きゅうり,埼玉,244,53361
2026-06-02,きゅうり,宮城,258,18768
2026-06-02,きゅうり,福島,284,24677
2026-06-02,きゅうり,総計,256,215789
2026-06-02,きゅうり,群馬,275,58512
2026-06-04,きゅうり,千葉,215,28922
2026-06-04,きゅうり,埼玉,250,74262
2026-06-04,きゅうり,宮城,247,31428
2026-06-04,きゅうり,福島,294,35268
2026-06-04,きゅうり,総計,254,331685
2026-06-04,きゅうり,群馬,270,91207
2026-06-05,きゅうり,千葉,235,11934
2026-06-05,きゅうり,埼玉,270,35419
2026-06-05,きゅうり,宮城,268,16151
2026-06-05,きゅうり,福島,307,16511
2026-06-05,きゅうり,総計,266,178300
2026-06-05,きゅうり,群馬,265,55334
2026-06-06,きゅうり,千葉,260,10188
2026-06-06,きゅうり,埼玉,285,35591
2026-06-06,きゅうり,宮崎,290,10429
2026-06-06,きゅうり,福島,342,21363
2026-06-06,きゅうり,総計,295,158549
2026-06-06,きゅうり,群馬,302,40205
2026-06-08,きゅうり,千葉,296,17128
2026-06-08,きゅうり,埼玉,332,66292
2026-06-08,きゅうり,宮城,316,27995
2026-06-08,きゅうり,福島,380,27729
2026-06-08,きゅうり,総計,332,269682
2026-06-08,きゅうり,群馬,342,67549
2026-06-09,きゅうり,佐賀,318,13700
2026-06-09,きゅうり,埼玉,345,44600
2026-06-09,きゅうり,宮城,356,14167
2026-06-09,きゅうり,福島,391,24179
2026-06-09,きゅうり,総計,347,185025
2026-06-09,きゅうり,群馬,372,43099
2026-06-11,きゅうり,千葉,308,22867
2026-06-11,きゅうり,埼玉,341,75408
2026-06-11,きゅうり,宮城,345,22576
2026-06-11,きゅうり,福島,386,37166
2026-06-11,きゅうり,総計,349,300016
2026-06-11,きゅうり,群馬,368,77645
2026-06-12,きゅうり,千葉,315,10617
2026-06-12,きゅうり,埼玉,349,39373
2026-06-12,きゅうり,宮城,366,11689
2026-06-12,きゅうり,福島,400,19730
2026-06-12,きゅうり,総計,353,151180
2026-06-12,きゅうり,群馬,368,39481
2026-06-13,きゅうり,千葉,312,11324
2026-06-13,きゅうり,埼玉,347,47230
2026-06-13,きゅうり,宮城,361,13844
2026-06-13,きゅうり,福島,398,28910
2026-06-13,きゅうり,総計,355,173564
2026-06-13,きゅうり,群馬,368,42376
2026-06-15,きゅうり,千葉,322,25028
2026-06-15,きゅうり,埼玉,358,76278
2026-06-15,きゅうり,宮城,353,30838
2026-06-15,きゅうり,福島,409,44628
2026-06-15,きゅうり,総計,362,311334
2026-06-15,きゅうり,群馬,374,81239
2026-06-16,きゅうり,千葉,327,13624
2026-06-16,きゅうり,埼玉,358,48947
2026-06-16,きゅうり,宮城,371,15856
2026-06-16,きゅうり,福島,416,31732
2026-06-16,きゅうり,総計,367,188864
2026-06-16,きゅうり,群馬,376,45575
2026-06-18,きゅうり,千葉,340,23079
2026-06-18,きゅうり,埼玉,362,80433
2026-06-18,きゅうり,宮城,369,34148
2026-06-18,きゅうり,福島,415,57473
2026-06-18,きゅうり,総計,372,326045
2026-06-18,きゅうり,群馬,385,75420
2026-06-19,きゅうり,千葉,334,16119
2026-06-19,きゅうり,埼玉,356,50403
2026-06-19,きゅうり,宮城,381,20142
2026-06-19,きゅうり,福島,412,37702
2026-06-19,きゅうり,総計,375,197383
2026-06-19,きゅうり,群馬,397,40060
2026-06-20,きゅうり,千葉,326,16045
2026-06-20,きゅうり,埼玉,361,52249
2026-06-20,きゅうり,宮城,375,22180
2026-06-20,きゅうり,福島,412,40530
2026-06-20,きゅうり,総計,370,219442
2026-06-20,きゅうり,群馬,388,46612
2026-06-22,きゅうり,千葉,326,26614
2026-06-22,きゅうり,埼玉,353,73792
2026-06-22,きゅうり,宮城,364,43163
2026-06-22,きゅうり,福島,406,68123
2026-06-22,きゅうり,総計,367,344893
2026-06-22,きゅうり,群馬,384,71505
2026-06-23,きゅうり,千葉,324,13058
2026-06-23,きゅうり,埼玉,361,40829
2026-06-23,きゅうり,宮城,381,14876
2026-06-23,きゅうり,福島,408,33996
2026-06-23,きゅうり,総計,370,162637
2026-06-23,きゅうり,群馬,385,29625
2026-06-25,きゅうり,千葉,332,21794
2026-06-25,きゅうり,埼玉,357,63822
2026-06-25,きゅうり,宮城,366,18527
2026-06-25,きゅうり,福島,408,46400
2026-06-25,きゅうり,総計,366,256746
2026-06-25,きゅうり,群馬,384,54499
2026-06-26,きゅうり,千葉,332,10261
2026-06-26,きゅうり,埼玉,356,33080
2026-06-26,きゅうり,宮城,385,10545
2026-06-26,きゅうり,福島,416,31708
2026-06-26,きゅうり,総計,374,138205
2026-06-26,きゅうり,群馬,382,27299
2026-06-27,きゅうり,千葉,321,11729
2026-06-27,きゅうり,埼玉,359,33920
2026-06-27,きゅうり,宮城,385,11851
2026-06-27,きゅうり,福島,416,35565
2026-06-27,きゅうり,総計,376,149230
2026-06-27,きゅうり,群馬,380,25202
2026-06-29,きゅうり,千葉,345,14586
2026-06-29,きゅうり,埼玉,376,47895
2026-06-29,きゅうり,宮城,373,21699
2026-06-29,きゅうり,福島,423,66226
2026-06-29,きゅうり,総計,389,240300
2026-06-29,きゅうり,群馬,381,36794
2026-06-30,きゅうり,北海道,446,10800
2026-06-30,きゅうり,埼玉,380,24156
2026-06-30,きゅうり,宮城,405,10910
2026-06-30,きゅうり,福島,428,43117
2026-06-30,きゅうり,総計,399,141001
2026-06-30,きゅうり,群馬,395,17716
2026-07-02,きゅうり,北海道,448,17760
2026-07-02,きゅうり,埼玉,379,50926
2026-07-02,きゅうり,宮城,391,21932
2026-07-02,きゅうり,福島,435,86972
2026-07-02,きゅうり,総計,400,280601
2026-07-02,きゅうり,群馬,393,38956
2026-07-03,きゅうり,埼玉,390,21214
2026-07-03,きゅうり,宮城,418,11225
2026-07-03,きゅうり,福島,442,50838
2026-07-03,きゅうり,秋田,399,9461
2026-07-03,きゅうり,総計,413,141127
2026-07-03,きゅうり,群馬,404,16576
2026-07-04,きゅうり,北海道,520,11195
2026-07-04,きゅうり,埼玉,403,19308
2026-07-04,きゅうり,宮城,462,9860
2026-07-04,きゅうり,福島,471,45998
2026-07-04,きゅうり,総計,438,137452
2026-07-04,きゅうり,群馬,415,16966
2026-07-06,きゅうり,埼玉,451,26381
2026-07-06,きゅうり,宮城,485,15025
2026-07-06,きゅうり,福島,505,89144
2026-07-06,きゅうり,秋田,438,13327
2026-07-06,きゅうり,総計,478,214453
2026-07-06,きゅうり,群馬,455,18259
2026-07-07,きゅうり,北海道,629,10975
2026-07-07,きゅうり,埼玉,440,15236
2026-07-07,きゅうり,福島,515,70286
2026-07-07,きゅうり,秋田,445,16459
2026-07-07,きゅうり,総計,494,164296
2026-07-07,きゅうり,群馬,487,10623
2026-07-09,きゅうり,千葉,430,19837
2026-07-09,きゅうり,埼玉,476,19517
2026-07-09,きゅうり,福島,512,117364
2026-07-09,きゅうり,秋田,438,29423
2026-07-09,きゅうり,総計,492,283109
2026-07-09,きゅうり,群馬,505,17467
2026-07-10,きゅうり,千葉,431,9659
2026-07-10,きゅうり,埼玉,478,9466
2026-07-10,きゅうり,福島,505,67841
2026-07-10,きゅうり,秋田,440,13574
2026-07-10,きゅうり,総計,487,151670
2026-07-10,きゅうり,群馬,508,9843
2026-07-11,きゅうり,千葉,424,14679
2026-07-11,きゅうり,埼玉,468,10333
2026-07-11,きゅうり,福島,502,72651
2026-07-11,きゅうり,秋田,450,19002
2026-07-11,きゅうり,総計,485,177482
2026-07-11,きゅうり,群馬,499,12361
2026-07-13,きゅうり,千葉,413,21239
2026-07-13,きゅうり,岩手,499,22992
2026-07-13,きゅうり,福島,485,151097
2026-07-13,きゅうり,秋田,423,37598
2026-07-13,きゅうり,総計,467,331399
2026-07-13,きゅうり,群馬,474,18064
2026-07-14,きゅうり,千葉,393,13127
2026-07-14,きゅうり,岩手,493,14089
2026-07-14,きゅうり,福島,475,86074
2026-07-14,きゅうり,秋田,424,19585
2026-07-14,きゅうり,総計,458,194700
2026-07-14,きゅうり,群馬,464,12336
2026-07-16,きゅうり,千葉,380,19684
2026-07-16,きゅうり,岩手,493,29956
2026-07-16,きゅうり,福島,463,133267
2026-07-16,きゅうり,秋田,409,35312
2026-07-16,きゅうり,総計,448,293858
2026-07-16,きゅうり,群馬,450,17425
2026-07-17,きゅうり,千葉,374,9415
2026-07-17,きゅうり,岩手,472,16994
2026-07-17,きゅうり,福島,460,81808
2026-07-17,きゅうり,秋田,409,19103
2026-07-17,きゅうり,総計,444,170137
2026-07-17,きゅうり,群馬,450,9606
2026-07-18,きゅうり,千葉,358,9239
2026-07-18,きゅうり,岩手,477,19749
2026-07-18,きゅうり,福島,456,92095
2026-07-18,きゅうり,秋田,405,18264
2026-07-18,きゅうり,総計,442,183142
2026-07-18,きゅうり,群馬,430,10459
2026-07-21,きゅうり,山形,452,29938
2026-07-21,きゅうり,岩手,443,68739
2026-07-21,きゅうり,福島,426,252675
2026-07-21,きゅうり,秋田,383,52991
2026-07-21,きゅうり,総計,418,483426
2026-07-23,きゅうり,山形,424,22154
2026-07-23,きゅうり,岩手,416,51398
2026-07-23,きゅうり,福島,396,181021
2026-07-23,きゅうり,秋田,371,40087
2026-07-23,きゅうり,総計,392,354524
2026-07-24,きゅうり,山形,423,12059
2026-07-24,きゅうり,岩手,422,27111
2026-07-24,きゅうり,福島,406,101262
2026-07-24,きゅうり,秋田,365,20051
2026-07-24,きゅうり,総計,398,191681
2026-07-25,きゅうり,山形,411,14108
2026-07-25,きゅうり,岩手,416,29926
2026-07-25,きゅうり,福島,401,105086
2026-07-25,きゅうり,秋田,367,21289
2026-07-25,きゅうり,総計,394,206613
2026-07-27,きゅうり,山形,430,16501
2026-07-27,きゅうり,岩手,425,54580
2026-07-27,きゅうり,福島,419,161748
2026-07-27,きゅうり,秋田,376,37899
2026-07-27,きゅうり,総計,408,323787
2026-07-28,きゅうり,山形,415,8642
2026-07-28,きゅうり,岩手,439,23038
2026-07-28,きゅうり,福島,429,76248
2026-07-28,きゅうり,秋田,396,16614
2026-07-28,きゅうり,総計,419,155530
2026-07-30,きゅうり,山形,456,11639
2026-07-30,きゅうり,岩手,471,38352
2026-07-30,きゅうり,福島,461,129767
2026-07-30,きゅうり,秋田,426,30521
2026-07-30,きゅうり,総計,452,258075
2026-07-31,きゅうり,千葉,411,5563
2026-07-31,きゅうり,山形,482,5545
2026-07-31,きゅうり,岩手,478,21065
2026-07-31,きゅうり,福島,482,72056
2026-07-31,きゅうり,秋田,437,17674
2026-07-31,きゅうり,総計,469,146453
2026-08-01,きゅうり,北海道,598,11500
2026-08-01,きゅうり,山形,479,8404
2026-08-01,きゅうり,岩手,500,25833
2026-08-01,きゅうり,福島,503,77817
2026-08-01,きゅうり,秋田,448,16107
2026-08-01,きゅうり,総計,491,175200
2026-08-03,きゅうり,千葉,448,13505
2026-08-03,きゅうり,岩手,528,44856
2026-08-03,きゅうり,福島,531,141041
2026-08-03,きゅうり,秋田,470,32722
2026-08-03,きゅうり,総計,516,278612
2026-08-04,きゅうり,北海道,761,6495
2026-08-04,きゅうり,千葉,453,6813
2026-08-04,きゅうり,岩手,534,18512
2026-08-04,きゅうり,福島,535,76394
2026-08-04,きゅうり,秋田,487,13315
2026-08-04,きゅうり,総計,541,150383
2026-08-06,きゅうり,北海道,627,18993
2026-08-06,きゅうり,岩手,553,35878
2026-08-06,きゅうり,福島,547,129735
2026-08-06,きゅうり,秋田,498,24056
2026-08-06,きゅうり,総計,545,259121
2026-08-07,きゅうり,山形,559,5686
2026-08-07,きゅうり,岩手,568,22411
2026-08-07,きゅうり,福島,554,80520
2026-08-07,きゅうり,秋田,501,16421
2026-08-07,きゅうり,総計,546,156180
2026-08-08,きゅうり,北海道,611,9458
2026-08-08,きゅうり,岩手,569,28655
2026-08-08,きゅうり,福島,560,99836
2026-08-08,きゅうり,秋田,493,19884
2026-08-08,きゅうり,総計,552,196297
2026-08-10,きゅうり,山形,586,18124
2026-08-10,きゅうり,岩手,570,68702
2026-08-10,きゅうり,福島,559,222146
2026-08-10,きゅうり,秋田,496,41827
2026-08-10,きゅうり,総計,551,417576
2026-08-12,きゅうり,岩手,537,68413
2026-08-12,きゅうり,福島,526,198203
2026-08-12,きゅうり,秋田,472,46118
2026-08-12,きゅうり,総計,529,388621
2026-08-13,きゅうり,岩手,533,32182
2026-08-13,きゅうり,福島,510,100630
2026-08-13,きゅうり,秋田,477,23394
2026-08-13,きゅうり,総計,513,200573
2026-08-13,きゅうり,青森,476,8649
2026-08-17,きゅうり,岩手,449,134808
2026-08-17,きゅうり,福島,453,340968
2026-08-17,きゅうり,秋田,403,106904
2026-08-17,きゅうり,総計,445,703909
2026-08-18,きゅうり,岩手,414,44077
2026-08-18,きゅうり,福島,423,102249
2026-08-18,きゅうり,秋田,370,29971
2026-08-18,きゅうり,総計,413,218140
2026-08-20,きゅうり,岩手,362,76964
2026-08-20,きゅうり,福島,383,173438
2026-08-20,きゅうり,秋田,328,57663
2026-08-20,きゅうり,総計,371,382546
2026-08-21,きゅうり,岩手,349,35676
2026-08-21,きゅうり,福島,372,91191
2026-08-21,きゅうり,秋田,318,26420
2026-08-21,きゅうり,総計,358,202364
2026-08-21,きゅうり,青森,312,11775
2026-08-22,きゅうり,岩手,364,39118
2026-08-22,きゅうり,福島,359,108692
2026-08-22,きゅうり,秋田,320,28498
2026-08-22,きゅうり,総計,356,234008
2026-08-22,きゅうり,青森,321,15869
2026-08-24,きゅうり,山形,376,22112
2026-08-24,きゅうり,岩手,323,78476
2026-08-24,きゅうり,福島,334,188072
2026-08-24,きゅうり,秋田,302,47519
2026-08-24,きゅうり,総計,329,395266
2026-08-25,きゅうり,宮城,340,11136
2026-08-25,きゅうり,岩手,307,41347
2026-08-25,きゅうり,福島,326,103960
2026-08-25,きゅうり,秋田,291,23239
2026-08-25,きゅうり,総計,318,223355
2026-08-27,きゅうり,宮城,311,23731
2026-08-27,きゅうり,山形,362,16393
2026-08-27,きゅうり,岩手,314,59632
2026-08-27,きゅうり,福島,314,181327
2026-08-27,きゅうり,秋田,303,38019
2026-08-27,きゅうり,総計,315,379839
2026-08-28,きゅうり,宮城,322,14201
2026-08-28,きゅうり,岩手,304,28360
2026-08-28,きゅうり,福島,314,102927
2026-08-28,きゅうり,秋田,319,20887
2026-08-28,きゅうり,総計,315,210361
2026-08-28,きゅうり,茨城,282,8921
2026-08-29,きゅうり,宮城,324,16274
2026-08-29,きゅうり,岩手,310,36554
2026-08-29,きゅうり,福島,330,101465
2026-08-29,きゅうり,秋田,319,18171
2026-08-29,きゅうり,総計,326,227298
2026-08-29,きゅうり,茨城,290,10448
