date,item,origin,price,qty
2024-01-05,トマト,愛知,292,110903
2024-01-05,トマト,栃木,226,137228
2024-01-05,トマト,熊本,199,233249
2024-01-05,トマト,総計,262,602609
2024-01-05,トマト,静岡,548,29254
2024-01-06,トマト,愛知,297,63422
2024-01-06,トマト,栃木,222,76348
2024-01-06,トマト,熊本,211,159768
2024-01-06,トマト,総計,260,361870
2024-01-08,トマト,愛知,302,81900
2024-01-08,トマト,栃木,247,49442
2024-01-08,トマト,熊本,209,151131
2024-01-08,トマト,総計,275,350281
2024-01-09,トマト,愛知,328,77553
2024-01-09,トマト,栃木,231,65366
2024-01-09,トマト,熊本,206,146590
2024-01-09,トマト,総計,267,331433
2024-01-11,トマト,愛知,299,37629
2024-01-11,トマト,栃木,240,67852
2024-01-11,トマト,熊本,206,217173
2024-01-11,トマト,総計,258,392150
2024-01-12,トマト,愛知,325,42526
2024-01-12,トマト,栃木,244,32473
2024-01-12,トマト,熊本,241,66478
2024-01-12,トマト,総計,332,186907
2024-01-12,トマト,静岡,815,18476
2024-01-13,トマト,愛知,356,62911
2024-01-13,トマト,栃木,255,57359
2024-01-13,トマト,熊本,239,77389
2024-01-13,トマト,総計,307,249808
2024-01-13,トマト,静岡,485,15079
2024-01-15,トマト,愛知,346,27278
2024-01-15,トマト,栃木,261,49216
2024-01-15,トマト,熊本,262,90223
2024-01-15,トマト,総計,309,211275
2024-01-15,トマト,静岡,574,10261
2024-01-16,トマト,千葉,288,7354
2024-01-16,トマト,愛知,348,23311
2024-01-16,トマト,栃木,243,54552
2024-01-16,トマト,熊本,269,54538
2024-01-16,トマト,総計,306,181756
2024-01-16,トマト,静岡,577,10480
2024-01-18,トマト,愛知,417,53021
2024-01-18,トマト,栃木,269,68053
2024-01-18,トマト,熊本,303,85239
2024-01-18,トマト,総計,349,264009
2024-01-18,トマト,静岡,661,10975
2024-01-19,トマト,千葉,300,8706
2024-01-19,トマト,愛知,381,31906
2024-01-19,トマト,栃木,281,30676
2024-01-19,トマト,熊本,325,51269
2024-01-19,トマト,総計,360,150082
2024-01-20,トマト,愛知,371,26012
2024-01-20,トマト,栃木,302,53608
2024-01-20,トマト,熊本,301,50281
2024-01-20,トマト,総計,350,174167
2024-01-20,トマト,静岡,607,11181
2024-01-22,トマト,愛知,441,39479
2024-01-22,トマト,栃木,300,54383
2024-01-22,トマト,熊本,313,89999
2024-01-22,トマト,総計,358,229322
2024-01-23,トマト,愛知,466,37175
2024-01-23,トマト,栃木,307,52740
2024-01-23,トマト,熊本,311,27460
2024-01-23,トマト,総計,378,155310
2024-01-23,トマト,静岡,586,8841
2024-01-25,トマト,愛知,414,40296
2024-01-25,トマト,栃木,315,57113
2024-01-25,トマト,熊本,311,88143
2024-01-25,トマト,福岡,349,8889
2024-01-25,トマト,総計,361,238180
2024-01-26,トマト,愛知,471,27700
2024-01-26,トマト,栃木,316,29545
2024-01-26,トマト,熊本,351,30269
2024-01-26,トマト,総計,411,126733
2024-01-26,トマト,長崎,287,7281
2024-01-26,トマト,静岡,743,8788
2024-01-27,トマト,愛知,452,45087
2024-01-27,トマト,栃木,328,47946
2024-01-27,トマト,熊本,321,53826
2024-01-27,トマト,総計,393,194418
2024-01-27,トマト,静岡,670,9677
2024-01-29,トマト,愛知,423,31156
2024-01-29,トマト,栃木,316,47825
2024-01-29,トマト,熊本,315,92630
2024-01-29,トマト,福岡,350,9697
2024-01-29,トマト,総計,359,221971
2024-01-30,トマト,千葉,329,8486
2024-01-30,トマト,愛知,388,30477
2024-01-30,トマト,栃木,310,61854
2024-01-30,トマト,熊本,310,30445
2024-01-30,トマト,総計,366,175591
2024-01-30,トマト,静岡,617,10591
2024-02-01,トマト,愛知,398,49899
2024-02-01,トマト,栃木,313,80102
2024-02-01,トマト,熊本,322,112230
2024-02-01,トマト,福岡,345,10737
2024-02-01,トマト,総計,365,302999
2024-02-02,トマト,愛知,464,34450
2024-02-02,トマト,栃木,318,36241
2024-02-02,トマト,熊本,318,44957
2024-02-02,トマト,総計,396,161212
2024-02-02,トマト,茨城,408,7616
2024-02-02,トマト,静岡,727,8904
2024-02-03,トマト,千葉,355,10071
2024-02-03,トマト,愛知,421,38290
2024-02-03,トマト,栃木,328,46148
2024-02-03,トマト,熊本,329,60102
2024-02-03,トマト,総計,387,199340
2024-02-03,トマト,静岡,638,12340
2024-02-05,トマト,愛知,462,39149
2024-02-05,トマト,栃木,312,50621
2024-02-05,トマト,熊本,321,88858
2024-02-05,トマト,福岡,348,10448
2024-02-05,トマト,総計,386,227028
2024-02-06,トマト,栃木,313,82175
2024-02-06,トマト,熊本,318,45051
2024-02-06,トマト,総計,345,170113
2024-02-06,トマト,茨城,472,8901
2024-02-08,トマト,愛知,406,69299
2024-02-08,トマト,栃木,316,79825
2024-02-08,トマト,熊本,323,102618
2024-02-08,トマト,総計,376,318523
2024-02-08,トマト,静岡,590,15433
2024-02-09,トマト,愛知,493,42361
2024-02-09,トマト,栃木,312,49364
2024-02-09,トマト,熊本,316,57548
2024-02-09,トマト,総計,416,200151
2024-02-09,トマト,静岡,882,13010
2024-02-10,トマト,愛知,389,48363
2024-02-10,トマト,栃木,323,51733
2024-02-10,トマト,熊本,323,69960
2024-02-10,トマト,総計,386,226652
2024-02-10,トマト,静岡,712,11809
2024-02-13,トマト,愛知,460,63091
2024-02-13,トマト,栃木,315,127003
2024-02-13,トマト,熊本,318,122760
2024-02-13,トマト,総計,370,411173
2024-02-13,トマト,茨城,510,16347
2024-02-15,トマト,千葉,330,13803
2024-02-15,トマト,愛知,419,45955
2024-02-15,トマト,栃木,311,112924
2024-02-15,トマト,熊本,336,104755
2024-02-15,トマト,総計,379,352791
2024-02-15,トマト,静岡,785,15490
2024-02-16,トマト,愛知,399,36661
2024-02-16,トマト,栃木,308,71564
2024-02-16,トマト,熊本,335,40089
2024-02-16,トマト,総計,380,201728
2024-02-16,トマト,茨城,597,9717
2024-02-16,トマト,静岡,649,8837
2024-02-17,トマト,愛知,404,37469
2024-02-17,トマト,栃木,320,64524
2024-02-17,トマト,熊本,324,69078
2024-02-17,トマト,総計,378,230304
2024-02-17,トマト,茨城,565,11789
2024-02-17,トマト,静岡,582,11143
2024-02-19,トマト,愛知,391,42144
2024-02-19,トマト,栃木,307,73882
2024-02-19,トマト,熊本,338,70377
2024-02-19,トマト,福岡,349,11327
2024-02-19,トマト,総計,378,258173
2024-02-19,トマト,茨城,558,15883
2024-02-20,トマト,愛知,450,46219
2024-02-20,トマト,栃木,322,64092
2024-02-20,トマト,熊本,344,23047
2024-02-20,トマト,総計,424,202889
2024-02-20,トマト,茨城,499,17975
2024-02-20,トマト,静岡,811,14107
2024-02-22,トマト,千葉,352,13091
2024-02-22,トマト,愛知,438,49248
2024-02-22,トマト,栃木,319,96357
2024-02-22,トマト,熊本,333,84440
2024-02-22,トマト,総計,390,311697
2024-02-22,トマト,茨城,573,12334
2024-02-23,トマト,愛知,427,40808
2024-02-23,トマト,栃木,310,65738
2024-02-23,トマト,熊本,321,39113
2024-02-23,トマト,総計,391,207212
2024-02-23,トマト,茨城,517,15904
2024-02-23,トマト,静岡,708,10287
2024-02-24,トマト,千葉,338,11957
2024-02-24,トマト,愛知,436,45149
2024-02-24,トマト,栃木,329,59404
2024-02-24,トマト,熊本,337,58767
2024-02-24,トマト,総計,402,232152
2024-02-24,トマト,茨城,528,15040
2024-02-26,トマト,愛知,415,29131
2024-02-26,トマト,栃木,327,52101
2024-02-26,トマト,熊本,349,64420
2024-02-26,トマト,福岡,355,10397
2024-02-26,トマト,総計,398,203644
2024-02-26,トマト,茨城,518,12066
2024-02-27,トマト,千葉,359,8528
2024-02-27,トマト,愛知,404,31030
2024-02-27,トマト,栃木,338,49937
2024-02-27,トマト,熊本,351,19961
2024-02-27,トマト,総計,406,150640
2024-02-27,トマト,茨城,546,9846
2024-02-29,トマト,千葉,365,13654
2024-02-29,トマト,愛知,498,48639
2024-02-29,トマト,栃木,354,72621
2024-02-29,トマト,熊本,368,76598
2024-02-29,トマト,総計,421,271317
2024-02-29,トマト,茨城,525,11936
2024-03-01,トマト,愛知,481,20284
2024-03-01,トマト,栃木,353,41617
2024-03-01,トマト,熊本,387,27691
2024-03-01,トマト,総計,449,137559
2024-03-01,トマト,茨城,556,8946
2024-03-01,トマト,静岡,842,7604
2024-03-02,トマト,千葉,383,10901
2024-03-02,トマト,愛知,434,30570
2024-03-02,トマト,栃木,356,56383
2024-03-02,トマト,熊本,380,47569
2024-03-02,トマト,総計,422,187420
2024-03-02,トマト,静岡,723,8737
2024-03-04,トマト,愛知,525,41758
2024-03-04,トマト,栃木,358,69785
2024-03-04,トマト,熊本,383,79110
2024-03-04,トマト,総計,430,243263
2024-03-04,トマト,茨城,500,11554
2024-03-05,トマト,千葉,397,11204
2024-03-05,トマト,愛知,486,28826
2024-03-05,トマト,栃木,370,56150
2024-03-05,トマト,熊本,399,24801
2024-03-05,トマト,総計,445,162274
2024-03-05,トマト,茨城,501,12202
2024-03-07,トマト,愛知,546,50210
2024-03-07,トマト,栃木,373,84761
2024-03-07,トマト,沖縄,438,25440
2024-03-07,トマト,熊本,402,85128
2024-03-07,トマト,総計,453,305847
2024-03-08,トマト,愛知,466,19167
2024-03-08,トマト,栃木,376,36995
2024-03-08,トマト,熊本,403,33936
2024-03-08,トマト,総計,461,127844
2024-03-08,トマト,茨城,570,7267
2024-03-08,トマト,静岡,937,6887
2024-03-09,トマト,千葉,412,8195
2024-03-09,トマト,愛知,545,36234
2024-03-09,トマト,栃木,383,52271
2024-03-09,トマト,熊本,409,49666
2024-03-09,トマト,総計,474,191879
2024-03-09,トマト,静岡,820,10154
2024-03-11,トマト,愛知,491,30236
2024-03-11,トマト,栃木,380,61522
2024-03-11,トマト,熊本,402,83069
2024-03-11,トマト,福岡,399,8740
2024-03-11,トマト,総計,444,221539
2024-03-12,トマト,千葉,413,8465
2024-03-12,トマト,愛知,560,29837
2024-03-12,トマト,栃木,395,53499
2024-03-12,トマト,熊本,394,24855
2024-03-12,トマト,総計,475,159106
2024-03-12,トマト,茨城,589,9095
2024-03-14,トマト,愛知,519,34463
2024-03-14,トマト,栃木,390,85302
2024-03-14,トマト,熊本,406,91860
2024-03-14,トマト,福岡,387,19915
2024-03-14,トマト,総計,450,279279
2024-03-15,トマト,愛知,492,15169
2024-03-15,トマト,栃木,391,39379
2024-03-15,トマト,熊本,404,32365
2024-03-15,トマト,福岡,377,7502
2024-03-15,トマト,総計,459,126423
2024-03-15,トマト,静岡,794,7511
2024-03-16,トマト,千葉,414,9839
2024-03-16,トマト,愛知,469,24812
2024-03-16,トマト,栃木,397,47577
2024-03-16,トマト,熊本,408,48741
2024-03-16,トマト,総計,468,172495
2024-03-16,トマト,静岡,765,9399
2024-03-18,トマト,愛知,491,28705
2024-03-18,トマト,栃木,398,67983
2024-03-18,トマト,熊本,414,72671
2024-03-18,トマト,福岡,387,11360
2024-03-18,トマト,総計,452,225247
2024-03-19,トマト,千葉,421,11097
2024-03-19,トマト,愛知,472,20348
2024-03-19,トマト,栃木,401,58079
2024-03-19,トマト,熊本,418,21950
2024-03-19,トマト,総計,462,150804
2024-03-19,トマト,茨城,592,8145
2024-03-21,トマト,千葉,430,10540
2024-03-21,トマト,埼玉,446,8705
2024-03-21,トマト,愛知,489,34048
2024-03-21,トマト,栃木,415,83152
2024-03-21,トマト,熊本,427,63284
2024-03-21,トマト,総計,470,239796
2024-03-22,トマト,愛知,489,14368
2024-03-22,トマト,栃木,429,38990
2024-03-22,トマト,熊本,481,20178
2024-03-22,トマト,総計,516,115746
2024-03-22,トマト,茨城,656,7209
2024-03-22,トマト,静岡,870,8047
2024-03-23,トマト,千葉,457,13943
2024-03-23,トマト,愛知,494,24475
2024-03-23,トマト,栃木,452,62849
2024-03-23,トマト,熊本,481,43559
2024-03-23,トマト,総計,508,190533
2024-03-23,トマト,静岡,828,9436
2024-03-25,トマト,千葉,471,9967
2024-03-25,トマト,愛知,549,24396
2024-03-25,トマト,栃木,470,75124
2024-03-25,トマト,熊本,503,59647
2024-03-25,トマト,福岡,433,8449
2024-03-25,トマト,総計,529,217718
2024-03-26,トマト,千葉,517,10323
2024-03-26,トマト,愛知,526,18766
2024-03-26,トマト,栃木,496,56219
2024-03-26,トマト,熊本,645,20688
2024-03-26,トマト,総計,567,142586
2024-03-26,トマト,茨城,670,7777
2024-03-28,トマト,千葉,521,9159
2024-03-28,トマト,愛知,565,28538
2024-03-28,トマト,栃木,494,91821
2024-03-28,トマト,熊本,540,71173
2024-03-28,トマト,福岡,454,9718
2024-03-28,トマト,総計,552,251604
2024-03-29,トマト,千葉,529,6801
2024-03-29,トマト,愛知,646,15360
2024-03-29,トマト,栃木,477,52124
2024-03-29,トマト,熊本,586,22300
2024-03-29,トマト,総計,576,131110
2024-03-29,トマト,茨城,709,6536
2024-03-30,トマト,千葉,515,12150
2024-03-30,トマト,愛知,530,21326
2024-03-30,トマト,栃木,494,51331
2024-03-30,トマト,熊本,537,47017
2024-03-30,トマト,総計,553,172590
2024-03-30,トマト,静岡,841,7612
2024-04-01,トマト,千葉,502,9789
2024-04-01,トマト,愛知,552,27086
2024-04-01,トマト,栃木,484,67000
2024-04-01,トマト,熊本,520,81602
2024-04-01,トマト,総計,537,230903
2024-04-02,トマト,千葉,509,13740
2024-04-02,トマト,愛知,525,22820
2024-04-02,トマト,栃木,484,66572
2024-04-02,トマト,熊本,509,17583
2024-04-02,トマト,総計,532,159677
2024-04-02,トマト,茨城,652,8689
2024-04-04,トマト,愛知,540,34268
2024-04-04,トマト,栃木,467,98195
2024-04-04,トマト,熊本,496,93402
2024-04-04,トマト,福岡,428,10940
2024-04-04,トマト,総計,514,292753
2024-04-05,トマト,千葉,487,7604
2024-04-05,トマト,愛知,532,23737
2024-04-05,トマト,栃木,457,80974
2024-04-05,トマト,熊本,488,47668
2024-04-05,トマト,総計,512,193664
2024-04-06,トマト,千葉,478,12471
2024-04-06,トマト,愛知,517,28781
2024-04-06,トマト,栃木,457,59439
2024-04-06,トマト,熊本,473,55459
2024-04-06,トマト,総計,511,203053
2024-04-06,トマト,静岡,748,10459
2024-04-08,トマト,愛知,489,34176
2024-04-08,トマト,栃木,426,85490
2024-04-08,トマト,熊本,441,108472
2024-04-08,トマト,福岡,394,12039
2024-04-08,トマト,総計,475,289226
2024-04-09,トマト,千葉,433,14697
2024-04-09,トマト,愛知,474,29477
2024-04-09,トマト,栃木,426,71958
2024-04-09,トマト,熊本,434,85520
2024-04-09,トマト,総計,474,246902
2024-04-11,トマト,千葉,409,15603
2024-04-11,トマト,愛知,480,53668
2024-04-11,トマト,栃木,406,120365
2024-04-11,トマト,熊本,395,126820
2024-04-11,トマト,総計,444,384959
2024-04-12,トマト,愛知,447,32537
2024-04-12,トマト,栃木,379,84501
2024-04-12,トマト,熊本,381,86982
2024-04-12,トマト,総計,441,262167
2024-04-12,トマト,静岡,916,13525
2024-04-13,トマト,愛知,442,52807
2024-04-13,トマト,栃木,384,104053
2024-04-13,トマト,熊本,375,138236
2024-04-13,トマト,総計,419,362110
2024-04-15,トマト,愛知,454,44931
2024-04-15,トマト,栃木,345,143112
2024-04-15,トマト,熊本,344,152869
2024-04-15,トマト,総計,389,416150
2024-04-16,トマト,千葉,379,10815
2024-04-16,トマト,愛知,430,26611
2024-04-16,トマト,栃木,351,105725
2024-04-16,トマト,熊本,352,87833
2024-04-16,トマト,総計,397,277597
2024-04-18,トマト,愛知,511,67916
2024-04-18,トマト,栃木,345,165038
2024-04-18,トマト,熊本,356,108573
2024-04-18,トマト,総計,408,423561
2024-04-19,トマト,千葉,358,9323
2024-04-19,トマト,愛知,423,28660
2024-04-19,トマト,栃木,351,53657
2024-04-19,トマト,熊本,349,57444
2024-04-19,トマト,総計,420,193776
2024-04-19,トマト,茨城,622,8036
2024-04-20,トマト,千葉,365,14102
2024-04-20,トマト,愛知,437,37982
2024-04-20,トマト,栃木,356,78662
2024-04-20,トマト,熊本,358,60638
2024-04-20,トマト,総計,422,244003
2024-04-20,トマト,静岡,765,10476
2024-04-22,トマト,愛知,454,43072
2024-04-22,トマト,栃木,354,118858
2024-04-22,トマト,熊本,366,87925
2024-04-22,トマト,総計,412,323498
2024-04-22,トマト,茨城,601,12234
2024-04-23,トマト,千葉,382,17147
2024-04-23,トマト,愛知,557,35387
2024-04-23,トマト,栃木,361,74408
2024-04-23,トマト,熊本,377,33287
2024-04-23,トマト,総計,453,214594
2024-04-23,トマト,茨城,605,13055
2024-04-25,トマト,千葉,351,19857
2024-04-25,トマト,愛知,434,48641
2024-04-25,トマト,栃木,358,121913
2024-04-25,トマト,熊本,375,100436
2024-04-25,トマト,総計,413,362396
2024-04-26,トマト,千葉,347,11372
2024-04-26,トマト,愛知,408,23540
2024-04-26,トマト,栃木,355,49937
2024-04-26,トマト,熊本,367,56684
2024-04-26,トマト,総計,430,188049
2024-04-26,トマト,茨城,630,10872
2024-04-27,トマト,千葉,348,13116
2024-04-27,トマト,愛知,524,37228
2024-04-27,トマト,栃木,363,66151
2024-04-27,トマト,熊本,371,60320
2024-04-27,トマト,総計,453,233173
2024-04-27,トマト,静岡,871,12084
2024-04-30,トマト,千葉,333,24747
2024-04-30,トマト,愛知,418,67351
2024-04-30,トマト,栃木,345,158298
2024-04-30,トマト,熊本,345,157791
2024-04-30,トマト,総計,390,513562
2024-04-30,トマト,茨城,551,22776
2024-05-01,トマト,千葉,330,9953
2024-05-01,トマト,愛知,408,30514
2024-05-01,トマト,栃木,356,56868
2024-05-01,トマト,熊本,352,47239
2024-05-01,トマト,総計,409,182227
2024-05-01,トマト,静岡,774,9793
2024-05-02,トマト,千葉,350,15098
2024-05-02,トマト,愛知,478,49784
2024-05-02,トマト,栃木,353,70701
2024-05-02,トマト,熊本,346,72074
2024-05-02,トマト,総計,424,263884
2024-05-02,トマト,茨城,591,12911
2024-05-06,トマト,千葉,316,37939
2024-05-06,トマト,愛知,367,90974
2024-05-06,トマト,栃木,332,233942
2024-05-06,トマト,熊本,325,244699
2024-05-06,トマト,総計,364,777196
2024-05-06,トマト,茨城,467,32192
2024-05-07,トマト,千葉,312,17303
2024-05-07,トマト,愛知,472,41594
2024-05-07,トマト,栃木,333,81915
2024-05-07,トマト,熊本,315,83468
2024-05-07,トマト,総計,387,282618
2024-05-07,トマト,茨城,547,12909
2024-05-09,トマト,千葉,316,23303
2024-05-09,トマト,愛知,461,67517
2024-05-09,トマト,栃木,328,133099
2024-05-09,トマト,熊本,323,114397
2024-05-09,トマト,総計,386,425143
2024-05-09,トマト,茨城,507,19317
2024-05-10,トマト,千葉,301,13018
2024-05-10,トマト,愛知,352,41966
2024-05-10,トマト,栃木,323,58707
2024-05-10,トマト,熊本,327,58824
2024-05-10,トマト,総計,376,225399
2024-05-10,トマト,茨城,522,12701
2024-05-11,トマト,千葉,321,18298
2024-05-11,トマト,愛知,391,43088
2024-05-11,トマト,栃木,332,69806
2024-05-11,トマト,熊本,327,74080
2024-05-11,トマト,総計,394,272838
2024-05-11,トマト,茨城,530,14655
2024-05-13,トマト,千葉,304,16004
2024-05-13,トマト,愛知,394,61609
2024-05-13,トマト,栃木,326,106189
2024-05-13,トマト,熊本,333,90778
2024-05-13,トマト,総計,378,350038
2024-05-13,トマト,茨城,470,16424
2024-05-14,トマト,千葉,325,13153
2024-05-14,トマト,愛知,401,36638
2024-05-14,トマト,栃木,339,73347
2024-05-14,トマト,熊本,339,27411
2024-05-14,トマト,総計,401,202764
2024-05-14,トマト,茨城,518,11372
2024-05-16,トマト,千葉,334,23139
2024-05-16,トマト,愛知,388,54667
2024-05-16,トマト,栃木,340,102637
2024-05-16,トマト,熊本,348,73448
2024-05-16,トマト,総計,386,320192
2024-05-16,トマト,茨城,465,14146
2024-05-17,トマト,千葉,330,16712
2024-05-17,トマト,愛知,362,32717
2024-05-17,トマト,栃木,345,50268
2024-05-17,トマト,熊本,383,28828
2024-05-17,トマト,総計,405,171675
2024-05-17,トマト,茨城,460,10023
2024-05-18,トマト,千葉,343,20511
2024-05-18,トマト,愛知,407,48804
2024-05-18,トマト,栃木,352,74272
2024-05-18,トマト,熊本,370,50568
2024-05-18,トマト,総計,408,252181
2024-05-18,トマト,静岡,796,11199
2024-05-20,トマト,千葉,336,22303
2024-05-20,トマト,埼玉,393,11300
2024-05-20,トマト,愛知,402,53241
2024-05-20,トマト,栃木,361,94785
2024-05-20,トマト,熊本,380,86574
2024-05-20,トマト,総計,401,324114
2024-05-21,トマト,千葉,371,16016
2024-05-21,トマト,愛知,411,31628
2024-05-21,トマト,栃木,373,57453
2024-05-21,トマト,熊本,402,27553
2024-05-21,トマト,総計,433,179994
2024-05-21,トマト,静岡,742,11504
2024-05-23,トマト,千葉,375,32916
2024-05-23,トマト,愛知,464,65199
2024-05-23,トマト,栃木,384,96681
2024-05-23,トマト,熊本,408,89543
2024-05-23,トマト,総計,438,365667
2024-05-23,トマト,茨城,502,13279
2024-05-24,トマト,千葉,372,19045
2024-05-24,トマト,愛知,479,54389
2024-05-24,トマト,栃木,377,55345
2024-05-24,トマト,熊本,409,45676
2024-05-24,トマト,総計,455,229867
2024-05-24,トマト,茨城,502,10610
2024-05-25,トマト,千葉,362,24308
2024-05-25,トマト,愛知,435,41902
2024-05-25,トマト,栃木,391,72486
2024-05-25,トマト,熊本,405,45526
2024-05-25,トマト,総計,441,255159
2024-05-25,トマト,静岡,729,14911
2024-05-27,トマト,千葉,347,24314
2024-05-27,トマト,愛知,402,59833
2024-05-27,トマト,栃木,374,105320
2024-05-27,トマト,熊本,387,81507
2024-05-27,トマト,総計,414,364237
2024-05-27,トマト,茨城,445,15498
2024-05-28,トマト,千葉,350,22325
2024-05-28,トマト,愛知,416,52579
2024-05-28,トマト,栃木,372,73174
2024-05-28,トマト,熊本,364,58413
2024-05-28,トマト,総計,409,284094
2024-05-28,トマト,茨城,479,12654
2024-05-30,トマト,千葉,322,44048
2024-05-30,トマト,愛知,383,67304
2024-05-30,トマト,栃木,363,105690
2024-05-30,トマト,熊本,331,95079
2024-05-30,トマト,総計,391,421608
2024-05-30,トマト,茨城,454,20842
2024-05-31,トマト,北海道,516,14494
2024-05-31,トマト,千葉,300,34342
2024-05-31,トマト,愛知,339,44227
2024-05-31,トマト,栃木,345,59018
2024-05-31,トマト,熊本,315,103015
2024-05-31,トマト,総計,366,326926
2024-06-01,トマト,千葉,293,40437
2024-06-01,トマト,愛知,329,72159
2024-06-01,トマト,栃木,338,87532
2024-06-01,トマト,熊本,311,75639
2024-06-01,トマト,総計,359,368912
2024-06-01,トマト,静岡,603,18198
2024-06-03,トマト,千葉,263,45855
2024-06-03,トマト,愛知,341,75762
2024-06-03,トマト,栃木,307,119612
2024-06-03,トマト,熊本,292,113341
2024-06-03,トマト,総計,335,446442
2024-06-03,トマト,茨城,381,18106
2024-06-04,トマト,北海道,530,22867
2024-06-04,トマト,千葉,264,42866
2024-06-04,トマト,愛知,311,54455
2024-06-04,トマト,栃木,292,88097
2024-06-04,トマト,熊本,278,61878
2024-06-04,トマト,総計,339,344479
2024-06-06,トマト,千葉,273,61787
2024-06-06,トマト,愛知,388,92414
2024-06-06,トマト,栃木,314,114052
2024-06-06,トマト,熊本,297,67693
2024-06-06,トマト,総計,364,449897
2024-06-06,トマト,静岡,796,17637
2024-06-07,トマト,北海道,501,27761
2024-06-07,トマト,千葉,267,37172
2024-06-07,トマト,愛知,326,49855
2024-06-07,トマト,栃木,296,62152
2024-06-07,トマト,熊本,311,43153
2024-06-07,トマト,総計,357,271992
2024-06-08,トマト,北海道,466,40168
2024-06-08,トマト,千葉,294,33543
2024-06-08,トマト,愛知,361,33563
2024-06-08,トマト,栃木,317,68869
2024-06-08,トマト,熊本,321,29742
2024-06-08,トマト,総計,385,266644
2024-06-10,トマト,北海道,488,23498
2024-06-10,トマト,千葉,303,33027
2024-06-10,トマト,愛知,383,67195
2024-06-10,トマト,栃木,322,77874
2024-06-10,トマト,熊本,328,47421
2024-06-10,トマト,総計,380,316813
2024-06-11,トマト,北海道,444,16994
2024-06-11,トマト,千葉,308,27742
2024-06-11,トマト,愛知,370,47606
2024-06-11,トマト,栃木,328,62404
2024-06-11,トマト,熊本,337,23755
2024-06-11,トマト,総計,378,238581
2024-06-13,トマト,北海道,497,23208
2024-06-13,トマト,千葉,300,46050
2024-06-13,トマト,愛知,376,70796
2024-06-13,トマト,栃木,330,99396
2024-06-13,トマト,熊本,328,58635
2024-06-13,トマト,総計,376,383265
2024-06-14,トマト,北海道,440,19959
2024-06-14,トマト,千葉,291,31288
2024-06-14,トマト,愛知,352,42708
2024-06-14,トマト,栃木,328,49929
2024-06-14,トマト,熊本,319,35299
2024-06-14,トマト,総計,367,235181
2024-06-15,トマト,北海道,413,45914
2024-06-15,トマト,千葉,297,24936
2024-06-15,トマト,愛知,349,34323
2024-06-15,トマト,栃木,333,62204
2024-06-15,トマト,熊本,319,48938
2024-06-15,トマト,総計,372,281489
2024-06-17,トマト,千葉,292,36622
2024-06-17,トマト,愛知,390,58567
2024-06-17,トマト,栃木,336,71691
2024-06-17,トマト,熊本,308,74661
2024-06-17,トマト,総計,355,354100
2024-06-17,トマト,静岡,409,26020
2024-06-18,トマト,北海道,417,32480
2024-06-18,トマト,千葉,298,29074
2024-06-18,トマト,愛知,350,37871
2024-06-18,トマト,栃木,337,52833
2024-06-18,トマト,熊本,306,40936
2024-06-18,トマト,総計,363,256092
2024-06-20,トマト,北海道,409,46022
2024-06-20,トマト,千葉,280,44365
2024-06-20,トマト,愛知,384,66076
2024-06-20,トマト,栃木,320,102045
2024-06-20,トマト,熊本,291,91439
2024-06-20,トマト,総計,353,472052
2024-06-21,トマト,北海道,428,21091
2024-06-21,トマト,千葉,260,39895
2024-06-21,トマト,愛知,333,38984
2024-06-21,トマト,栃木,307,54273
2024-06-21,トマト,熊本,272,62595
2024-06-21,トマト,総計,331,296899
2024-06-22,トマト,北海道,403,33754
2024-06-22,トマト,千葉,258,35127
2024-06-22,トマト,愛知,377,45103
2024-06-22,トマト,栃木,298,66387
2024-06-22,トマト,熊本,275,45660
2024-06-22,トマト,総計,342,329097
2024-06-24,トマト,北海道,412,44590
2024-06-24,トマト,千葉,224,59989
2024-06-24,トマト,愛知,307,56781
2024-06-24,トマト,栃木,246,113659
2024-06-24,トマト,熊本,235,68720
2024-06-24,トマト,総計,299,456393
2024-06-25,トマト,北海道,366,70357
2024-06-25,トマト,千葉,211,39753
2024-06-25,トマト,愛知,320,58475
2024-06-25,トマト,栃木,248,67801
2024-06-25,トマト,熊本,202,47608
2024-06-25,トマト,総計,299,378231
2024-06-27,トマト,北海道,382,80612
2024-06-27,トマト,千葉,214,52419
2024-06-27,トマト,愛知,277,59469
2024-06-27,トマト,栃木,238,91362
2024-06-27,トマト,熊本,231,43699
2024-06-27,トマト,総計,301,465826
2024-06-28,トマト,北海道,364,61356
2024-06-28,トマト,千葉,205,28387
2024-06-28,トマト,愛知,316,55250
2024-06-28,トマト,栃木,247,41229
2024-06-28,トマト,熊本,206,26132
2024-06-28,トマト,総計,311,297408
2024-06-29,トマト,北海道,335,57354
2024-06-29,トマト,千葉,230,38012
2024-06-29,トマト,愛知,302,31087
2024-06-29,トマト,栃木,252,60048
2024-06-29,トマト,熊本,207,32024
2024-06-29,トマト,総計,298,312367
2024-07-01,トマト,北海道,326,118579
2024-07-01,トマト,千葉,210,43247
2024-07-01,トマト,愛知,279,46002
2024-07-01,トマト,栃木,223,71358
2024-07-01,トマト,熊本,251,31921
2024-07-01,トマト,総計,296,427172
2024-07-02,トマト,北海道,324,58168
2024-07-02,トマト,千葉,201,25642
2024-07-02,トマト,愛知,264,29898
2024-07-02,トマト,栃木,251,43522
2024-07-02,トマト,総計,307,242629
2024-07-02,トマト,青森,338,14112
2024-07-04,トマト,北海道,381,60391
2024-07-04,トマト,千葉,218,34177
2024-07-04,トマト,岩手,306,26471
2024-07-04,トマト,愛知,309,33089
2024-07-04,トマト,栃木,262,57181
2024-07-04,トマト,総計,337,325870
2024-07-05,トマト,北海道,383,48136
2024-07-05,トマト,千葉,240,18250
2024-07-05,トマト,岩手,306,20093
2024-07-05,トマト,愛知,321,27566
2024-07-05,トマト,栃木,278,20100
2024-07-05,トマト,総計,361,192512
2024-07-06,トマト,北海道,409,41123
2024-07-06,トマト,千葉,255,19762
2024-07-06,トマト,岩手,317,18899
2024-07-06,トマト,栃木,303,28017
2024-07-06,トマト,総計,371,200966
2024-07-06,トマト,青森,350,18257
2024-07-08,トマト,北海道,407,72400
2024-07-08,トマト,千葉,286,22932
2024-07-08,トマト,岩手,340,28812
2024-07-08,トマト,愛知,420,29602
2024-07-08,トマト,栃木,315,30326
2024-07-08,トマト,総計,382,292963
2024-07-09,トマト,北海道,471,34296
2024-07-09,トマト,千葉,289,18290
2024-07-09,トマト,岩手,333,16400
2024-07-09,トマト,栃木,323,31449
2024-07-09,トマト,総計,400,193426
2024-07-09,トマト,青森,385,19915
2024-07-11,トマト,北海道,449,54207
2024-07-11,トマト,岩手,338,35141
2024-07-11,トマト,栃木,331,44207
2024-07-11,トマト,総計,388,364371
2024-07-11,トマト,群馬,370,36427
2024-07-11,トマト,青森,373,38645
2024-07-12,トマト,北海道,465,37162
2024-07-12,トマト,岩手,335,20099
2024-07-12,トマト,愛知,428,23161
2024-07-12,トマト,総計,412,211594
2024-07-12,トマト,群馬,396,23217
2024-07-12,トマト,青森,392,21485
2024-07-13,トマト,北海道,459,32630
2024-07-13,トマト,岩手,331,27920
2024-07-13,トマト,愛知,399,29442
2024-07-13,トマト,栃木,335,33103
2024-07-13,トマト,総計,389,288835
2024-07-13,トマト,青森,375,41124
2024-07-16,トマト,北海道,411,93635
2024-07-16,トマト,千葉,260,37636
2024-07-16,トマト,岩手,318,64295
2024-07-16,トマト,総計,368,529556
2024-07-16,トマト,群馬,362,67020
2024-07-16,トマト,青森,346,87373
2024-07-18,トマト,北海道,378,88294
2024-07-18,トマト,岩手,303,55672
2024-07-18,トマト,秋田,324,25449
2024-07-18,トマト,総計,353,376204
2024-07-18,トマト,群馬,364,37999
2024-07-18,トマト,青森,337,64974
2024-07-19,トマト,北海道,383,64543
2024-07-19,トマト,岩手,309,25336
2024-07-19,トマト,秋田,329,12100
2024-07-19,トマト,総計,369,203252
2024-07-19,トマト,群馬,350,26186
2024-07-19,トマト,青森,334,33173
2024-07-20,トマト,北海道,406,55819
2024-07-20,トマト,岩手,314,22427
2024-07-20,トマト,秋田,332,12957
2024-07-20,トマト,総計,385,213647
2024-07-20,トマト,群馬,362,23009
2024-07-20,トマト,青森,344,40071
2024-07-22,トマト,北海道,395,84401
2024-07-22,トマト,岩手,317,38022
2024-07-22,トマト,秋田,329,23965
2024-07-22,トマト,総計,372,284731
2024-07-22,トマト,群馬,352,37278
2024-07-22,トマト,青森,332,53360
2024-07-23,トマト,北海道,424,65097
2024-07-23,トマト,岩手,317,15939
2024-07-23,トマト,秋田,330,14801
2024-07-23,トマト,総計,392,194934
2024-07-23,トマト,群馬,355,21096
2024-07-23,トマト,青森,339,33999
2024-07-25,トマト,北海道,398,110620
2024-07-25,トマト,岩手,322,40147
2024-07-25,トマト,秋田,335,29309
2024-07-25,トマト,総計,382,353545
2024-07-25,トマト,群馬,361,43449
2024-07-25,トマト,青森,340,62404
2024-07-26,トマト,北海道,449,37508
2024-07-26,トマト,岩手,321,21340
2024-07-26,トマト,秋田,342,14924
2024-07-26,トマト,総計,415,174891
2024-07-26,トマト,群馬,367,28066
2024-07-26,トマト,青森,355,31547
2024-07-27,トマト,北海道,382,73477
2024-07-27,トマト,岩手,323,21048
2024-07-27,トマト,秋田,341,14742
2024-07-27,トマト,総計,395,237057
2024-07-27,トマト,群馬,370,35828
2024-07-27,トマト,青森,351,42170
2024-07-29,トマト,北海道,378,111998
2024-07-29,トマト,岩手,323,44695
2024-07-29,トマト,秋田,337,32137
2024-07-29,トマト,総計,382,396358
2024-07-29,トマト,群馬,358,59453
2024-07-29,トマト,青森,352,63033
2024-07-30,トマト,北海道,374,88772
2024-07-30,トマト,岩手,328,20077
2024-07-30,トマト,福島,469,16443
2024-07-30,トマト,総計,384,250445
2024-07-30,トマト,群馬,357,32170
2024-07-30,トマト,青森,350,39933
2024-08-01,トマト,北海道,381,100115
2024-08-01,トマト,岩手,322,38584
2024-08-01,トマト,福島,419,37017
2024-08-01,トマト,総計,380,382041
2024-08-01,トマト,群馬,339,76296
2024-08-01,トマト,青森,356,53853
2024-08-02,トマト,北海道,373,101466
2024-08-02,トマト,岩手,330,16453
2024-08-02,トマト,福島,403,19795
2024-08-02,トマト,総計,382,253785
2024-08-02,トマト,群馬,334,37869
2024-08-02,トマト,青森,361,31524
2024-08-03,トマト,北海道,400,46677
2024-08-03,トマト,岐阜,406,17346
2024-08-03,トマト,福島,432,22679
2024-08-03,トマト,総計,391,223106
2024-08-03,トマト,群馬,346,40744
2024-08-03,トマト,青森,351,43309
2024-08-05,トマト,北海道,381,100225
2024-08-05,トマト,岩手,331,37972
2024-08-05,トマト,福島,374,34951
2024-08-05,トマト,総計,377,370810
2024-08-05,トマト,群馬,338,67184
2024-08-05,トマト,青森,363,54928
2024-08-06,トマト,北海道,405,66117
2024-08-06,トマト,岩手,329,15671
2024-08-06,トマト,福島,407,27996
2024-08-06,トマト,総計,398,226281
2024-08-06,トマト,群馬,333,36359
2024-08-06,トマト,青森,371,33560
2024-08-08,トマト,北海道,382,110679
2024-08-08,トマト,岩手,319,43321
2024-08-08,トマト,福島,381,59018
2024-08-08,トマト,総計,371,446868
2024-08-08,トマト,群馬,321,86524
2024-08-08,トマト,青森,354,60226
2024-08-09,トマト,北海道,391,98411
2024-08-09,トマト,岩手,307,23062
2024-08-09,トマト,福島,357,32811
2024-08-09,トマト,総計,373,287680
2024-08-09,トマト,群馬,301,48860
2024-08-09,トマト,青森,366,31817
2024-08-10,トマト,北海道,397,70359
2024-08-10,トマト,岐阜,374,24905
2024-08-10,トマト,福島,387,42538
2024-08-10,トマト,総計,381,273684
2024-08-10,トマト,群馬,317,45865
2024-08-10,トマト,青森,361,34248
2024-08-12,トマト,北海道,381,123106
2024-08-12,トマト,岩手,311,38590
2024-08-12,トマト,福島,337,72023
2024-08-12,トマト,総計,363,405843
2024-08-12,トマト,群馬,308,67879
2024-08-12,トマト,青森,365,42291
2024-08-13,トマト,北海道,424,67423
2024-08-13,トマト,岐阜,389,16348
2024-08-13,トマト,福島,360,42823
2024-08-13,トマト,総計,400,223843
2024-08-13,トマト,群馬,314,32000
2024-08-13,トマト,青森,387,31972
2024-08-17,トマト,北海道,418,201253
2024-08-17,トマト,岐阜,389,49070
2024-08-17,トマト,福島,341,147841
2024-08-17,トマト,総計,384,706985
2024-08-17,トマト,群馬,340,103014
2024-08-17,トマト,青森,366,80905
2024-08-19,トマト,北海道,409,138273
2024-08-19,トマト,岐阜,446,36674
2024-08-19,トマト,福島,389,69174
2024-08-19,トマト,総計,416,411689
2024-08-19,トマト,群馬,412,33757
2024-08-19,トマト,青森,388,56746
2024-08-20,トマト,北海道,441,99274
2024-08-20,トマト,岐阜,473,16098
2024-08-20,トマト,福島,437,48895
2024-08-20,トマト,総計,440,269214
2024-08-20,トマト,群馬,432,17192
2024-08-20,トマト,青森,402,43238
2024-08-22,トマト,北海道,425,134700
2024-08-22,トマト,岩手,372,35213
2024-08-22,トマト,福島,437,84336
2024-08-22,トマト,総計,431,432516
2024-08-22,トマト,群馬,437,48635
2024-08-22,トマト,青森,405,57301
2024-08-23,トマト,北海道,445,120484
2024-08-23,トマト,福島,431,39593
2024-08-23,トマト,総計,448,257443
2024-08-23,トマト,群馬,442,30760
2024-08-23,トマト,青森,437,20310
2024-08-24,トマト,北海道,466,92143
2024-08-24,トマト,岐阜,480,18348
2024-08-24,トマト,福島,456,45626
2024-08-24,トマト,総計,469,248776
2024-08-24,トマト,群馬,456,29662
2024-08-24,トマト,青森,441,25809
2024-08-26,トマト,北海道,499,100918
2024-08-26,トマト,岐阜,532,25609
2024-08-26,トマト,福島,477,74156
2024-08-26,トマト,総計,494,328608
2024-08-26,トマト,群馬,493,49559
2024-08-26,トマト,青森,466,25436
2024-08-27,トマト,北海道,546,47912
2024-08-27,トマト,岐阜,695,27531
2024-08-27,トマト,福島,524,42977
2024-08-27,トマト,総計,575,194247
2024-08-27,トマト,群馬,515,27079
2024-08-27,トマト,青森,537,21102
2024-08-29,トマト,北海道,573,108835
2024-08-29,トマト,岐阜,553,33082
2024-08-29,トマト,福島,543,93794
2024-08-29,トマト,総計,564,391896
2024-08-29,トマト,群馬,544,70076
2024-08-29,トマト,青森,530,33230
2024-08-30,トマト,北海道,607,55108
2024-08-30,トマト,岐阜,624,26818
2024-08-30,トマト,福島,560,35652
2024-08-30,トマト,総計,597,214176
2024-08-30,トマト,群馬,578,33558
2024-08-30,トマト,青森,479,24242
2024-08-31,トマト,北海道,531,75163
2024-08-31,トマト,岐阜,633,15678
2024-08-31,トマト,福島,572,37373
2024-08-31,トマト,総計,586,205455
2024-08-31,トマト,群馬,595,30540
2024-08-31,トマト,青森,561,13870
2024-09-02,トマト,北海道,610,66507
2024-09-02,トマト,岐阜,620,26546
2024-09-02,トマト,福島,606,60896
2024-09-02,トマト,総計,610,277129
2024-09-02,トマト,群馬,586,43390
2024-09-02,トマト,青森,589,19075
2024-09-03,トマト,北海道,648,36118
2024-09-03,トマト,岐阜,610,21042
2024-09-03,トマト,福島,642,29405
2024-09-03,トマト,総計,627,172596
2024-09-03,トマト,群馬,610,30389
2024-09-03,トマト,青森,608,15648
2024-09-05,トマト,北海道,621,68537
2024-09-05,トマト,岐阜,626,30058
2024-09-05,トマト,岩手,541,29290
2024-09-05,トマト,福島,643,52627
2024-09-05,トマト,総計,616,314140
2024-09-05,トマト,群馬,595,33960
2024-09-06,トマト,北海道,609,48559
2024-09-06,トマト,千葉,532,25165
2024-09-06,トマト,福島,646,22778
2024-09-06,トマト,総計,609,185437
2024-09-06,トマト,群馬,596,18336
2024-09-06,トマト,青森,582,17876
2024-09-07,トマト,北海道,688,26353
2024-09-07,トマト,千葉,540,26859
2024-09-07,トマト,岐阜,611,27405
2024-09-07,トマト,福島,656,24974
2024-09-07,トマト,総計,621,194185
2024-09-07,トマト,青森,598,25334
2024-09-09,トマト,北海道,666,53708
2024-09-09,トマト,岩手,555,30336
2024-09-09,トマト,福島,650,47387
2024-09-09,トマト,総計,623,276740
2024-09-09,トマト,群馬,615,37089
2024-09-09,トマト,青森,576,33394
2024-09-10,トマト,北海道,657,39382
2024-09-10,トマト,千葉,567,15565
2024-09-10,トマト,福島,702,24806
2024-09-10,トマト,総計,640,176138
2024-09-10,トマト,群馬,630,25241
2024-09-10,トマト,青森,601,28546
2024-09-12,トマト,北海道,668,78088
2024-09-12,トマト,千葉,566,27991
2024-09-12,トマト,福島,724,50279
2024-09-12,トマト,総計,656,314748
2024-09-12,トマト,群馬,656,37244
2024-09-12,トマト,青森,600,37991
2024-09-13,トマト,北海道,679,55323
2024-09-13,トマト,千葉,565,18875
2024-09-13,トマト,福島,741,24104
2024-09-13,トマト,総計,673,176124
2024-09-13,トマト,群馬,672,19624
2024-09-13,トマト,青森,628,18978
2024-09-14,トマト,北海道,682,63397
2024-09-14,トマト,千葉,578,31245
2024-09-14,トマト,福島,745,25056
2024-09-14,トマト,総計,679,214331
2024-09-14,トマト,群馬,682,21161
2024-09-14,トマト,青森,629,24489
2024-09-17,トマト,北海道,656,103002
2024-09-17,トマト,千葉,533,66846
2024-09-17,トマト,福島,751,63357
2024-09-17,トマト,総計,648,436854
2024-09-17,トマト,群馬,639,62835
2024-09-17,トマト,青森,628,41104
2024-09-18,トマト,北海道,678,34448
2024-09-18,トマト,千葉,510,23061
2024-09-18,トマト,岐阜,711,15821
2024-09-18,トマト,福島,760,25481
2024-09-18,トマト,総計,674,157902
2024-09-18,トマト,群馬,652,20693
2024-09-19,トマト,北海道,633,53482
2024-09-19,トマト,千葉,513,34284
2024-09-19,トマト,岐阜,674,17565
2024-09-19,トマト,福島,757,28381
2024-09-19,トマト,総計,659,209257
2024-09-19,トマト,群馬,636,25775
2024-09-20,トマト,北海道,680,53207
2024-09-20,トマト,千葉,512,32714
2024-09-20,トマト,岐阜,681,17733
2024-09-20,トマト,福島,760,25000
2024-09-20,トマト,総計,669,183709
2024-09-20,トマト,群馬,639,23114
2024-09-21,トマト,北海道,646,39164
2024-09-21,トマト,千葉,523,34892
2024-09-21,トマト,岐阜,752,13493
2024-09-21,トマト,福島,755,26234
2024-09-21,トマト,総計,669,170859
2024-09-21,トマト,群馬,648,17497
2024-09-24,トマト,北海道,672,65658
2024-09-24,トマト,千葉,482,83415
2024-09-24,トマト,岐阜,673,24342
2024-09-24,トマト,福島,756,52294
2024-09-24,トマト,総計,627,356119
2024-09-24,トマト,群馬,586,51415
2024-09-25,トマト,北海道,651,34420
2024-09-25,トマト,千葉,512,33864
2024-09-25,トマト,岐阜,661,13639
2024-09-25,トマト,福島,750,16219
2024-09-25,トマト,総計,647,149898
2024-09-25,トマト,群馬,590,19958
2024-09-26,トマト,北海道,691,30690
2024-09-26,トマト,千葉,543,42495
2024-09-26,トマト,福島,775,19562
2024-09-26,トマト,総計,675,162758
2024-09-26,トマト,群馬,604,16731
2024-09-26,トマト,青森,621,11036
2024-09-27,トマト,北海道,646,27978
2024-09-27,トマト,千葉,572,30447
2024-09-27,トマト,福島,764,13402
2024-09-27,トマト,総計,666,121785
2024-09-27,トマト,群馬,640,17281
2024-09-27,トマト,茨城,637,6448
2024-09-28,トマト,北海道,630,36562
2024-09-28,トマト,千葉,572,29268
2024-09-28,トマト,岐阜,740,13223
2024-09-28,トマト,福島,794,18766
2024-09-28,トマト,総計,674,161487
2024-09-28,トマト,群馬,647,18090
2024-09-30,トマト,北海道,768,26737
2024-09-30,トマト,千葉,621,35314
2024-09-30,トマト,福島,789,35470
2024-09-30,トマト,総計,717,192448
2024-09-30,トマト,群馬,691,28363
2024-09-30,トマト,青森,667,17333
2024-10-01,トマト,北海道,713,23721
2024-10-01,トマト,千葉,619,30585
2024-10-01,トマト,福島,788,28998
2024-10-01,トマト,総計,736,152881
2024-10-01,トマト,群馬,751,11795
2024-10-01,トマト,青森,701,20156
2024-10-03,トマト,北海道,802,38998
2024-10-03,トマト,千葉,640,46567
2024-10-03,トマト,福島,811,43636
2024-10-03,トマト,総計,747,254842
2024-10-03,トマト,群馬,777,22740
2024-10-03,トマト,青森,675,30786
2024-10-04,トマト,北海道,851,19728
2024-10-04,トマト,千葉,677,26136
2024-10-04,トマト,福島,805,16793
2024-10-04,トマト,総計,766,123480
2024-10-04,トマト,群馬,789,17534
2024-10-04,トマト,青森,690,14985
2024-10-05,トマト,北海道,752,28704
2024-10-05,トマト,千葉,659,26852
2024-10-05,トマト,福島,824,19626
2024-10-05,トマト,総計,754,158101
2024-10-05,トマト,群馬,774,12927
2024-10-05,トマト,青森,701,24205
2024-10-07,トマト,北海道,868,30614
2024-10-07,トマト,千葉,675,34552
2024-10-07,トマト,福島,820,27350
2024-10-07,トマト,総計,771,172856
2024-10-07,トマト,群馬,810,18473
2024-10-07,トマト,青森,695,15982
2024-10-08,トマト,北海道,783,33555
2024-10-08,トマト,千葉,690,26693
2024-10-08,トマト,福島,853,19414
2024-10-08,トマト,総計,794,142775
2024-10-08,トマト,群馬,804,12075
2024-10-08,トマト,青森,763,15794
2024-10-10,トマト,北海道,848,33751
2024-10-10,トマト,千葉,742,33470
2024-10-10,トマト,福島,864,35165
2024-10-10,トマト,総計,833,221487
2024-10-10,トマト,群馬,846,20874
2024-10-10,トマト,青森,760,22355
2024-10-11,トマト,北海道,989,14004
2024-10-11,トマト,千葉,812,18494
2024-10-11,トマト,岐阜,1213,9120
2024-10-11,トマト,福島,884,9764
2024-10-11,トマト,総計,923,90124
2024-10-11,トマト,青森,800,8574
2024-10-12,トマト,北海道,881,35534
2024-10-12,トマト,千葉,766,23155
2024-10-12,トマト,福島,875,16731
2024-10-12,トマト,総計,888,167012
2024-10-12,トマト,群馬,875,11043
2024-10-12,トマト,青森,784,16233
2024-10-15,トマト,北海道,862,40761
2024-10-15,トマト,千葉,792,53798
2024-10-15,トマト,熊本,946,22578
2024-10-15,トマト,福島,913,30599
2024-10-15,トマト,総計,860,254978
2024-10-15,トマト,青森,807,25704
2024-10-16,トマト,北海道,762,11671
2024-10-16,トマト,千葉,779,20205
2024-10-16,トマト,愛知,956,5977
2024-10-16,トマト,熊本,985,14693
2024-10-16,トマト,総計,878,79826
2024-10-16,トマト,青森,838,6763
2024-10-17,トマト,北海道,783,23373
2024-10-17,トマト,千葉,742,17845
2024-10-17,トマト,熊本,936,26271
2024-10-17,トマト,福島,931,19565
2024-10-17,トマト,総計,870,157155
2024-10-17,トマト,青森,803,16829
2024-10-18,トマト,北海道,800,25561
2024-10-18,トマト,千葉,706,19373
2024-10-18,トマト,愛知,864,6397
2024-10-18,トマト,熊本,918,24526
2024-10-18,トマト,総計,856,101512
2024-10-18,トマト,群馬,917,7361
2024-10-19,トマト,北海道,979,15369
2024-10-19,トマト,千葉,715,25918
2024-10-19,トマト,熊本,965,35790
2024-10-19,トマト,福島,936,23695
2024-10-19,トマト,総計,886,174301
2024-10-19,トマト,群馬,850,14421
2024-10-21,トマト,北海道,820,38667
2024-10-21,トマト,千葉,703,43946
2024-10-21,トマト,熊本,944,38484
2024-10-21,トマト,福島,915,26715
2024-10-21,トマト,総計,848,217940
2024-10-21,トマト,群馬,802,20200
2024-10-22,トマト,北海道,882,21835
2024-10-22,トマト,千葉,682,26468
2024-10-22,トマト,栃木,889,14459
2024-10-22,トマト,熊本,762,14485
2024-10-22,トマト,総計,810,140592
2024-10-22,トマト,青森,805,15886
2024-10-24,トマト,北海道,798,21277
2024-10-24,トマト,千葉,692,36188
2024-10-24,トマト,熊本,731,60246
2024-10-24,トマト,福島,796,21100
2024-10-24,トマト,総計,752,252884
2024-10-24,トマト,群馬,640,24893
2024-10-25,トマト,北海道,749,18160
2024-10-25,トマト,千葉,629,19156
2024-10-25,トマト,熊本,715,39108
2024-10-25,トマト,福島,778,11423
2024-10-25,トマト,総計,720,136432
2024-10-25,トマト,群馬,576,13734
2024-10-26,トマト,北海道,589,22163
2024-10-26,トマト,千葉,584,25260
2024-10-26,トマト,熊本,672,35786
2024-10-26,トマト,総計,664,186533
2024-10-26,トマト,群馬,589,21054
2024-10-26,トマト,青森,658,15662
2024-10-28,トマト,北海道,583,31643
2024-10-28,トマト,千葉,521,25845
2024-10-28,トマト,愛知,697,15751
2024-10-28,トマト,熊本,651,55747
2024-10-28,トマト,総計,625,208017
2024-10-28,トマト,群馬,555,23480
2024-10-29,トマト,北海道,522,14215
2024-10-29,トマト,千葉,520,16813
2024-10-29,トマト,栃木,627,22799
2024-10-29,トマト,熊本,606,9746
2024-10-29,トマト,総計,600,128869
2024-10-29,トマト,群馬,478,20049
2024-10-31,トマト,北海道,515,28682
2024-10-31,トマト,千葉,485,25439
2024-10-31,トマト,栃木,613,38678
2024-10-31,トマト,熊本,601,55610
2024-10-31,トマト,総計,589,251415
2024-10-31,トマト,群馬,478,21192
2024-11-01,トマト,北海道,308,41079
2024-11-01,トマト,千葉,506,9930
2024-11-01,トマト,愛知,581,8943
2024-11-01,トマト,熊本,558,30155
2024-11-01,トマト,総計,499,125868
2024-11-01,トマト,青森,521,9782
2024-11-02,トマト,北海道,422,19561
2024-11-02,トマト,愛知,625,14838
2024-11-02,トマト,栃木,618,21672
2024-11-02,トマト,熊本,601,46392
2024-11-02,トマト,総計,579,173356
2024-11-02,トマト,群馬,463,17867
2024-11-05,トマト,北海道,469,26569
2024-11-05,トマト,千葉,471,27295
2024-11-05,トマト,愛知,584,26426
2024-11-05,トマト,栃木,611,23419
2024-11-05,トマト,熊本,558,70408
2024-11-05,トマト,総計,557,235828
2024-11-06,トマト,千葉,479,7603
2024-11-06,トマト,愛知,580,8195
2024-11-06,トマト,熊本,583,31169
2024-11-06,トマト,総計,626,63312
2024-11-06,トマト,静岡,1158,5493
2024-11-07,トマト,千葉,490,11565
2024-11-07,トマト,愛知,581,19091
2024-11-07,トマト,栃木,629,19142
2024-11-07,トマト,熊本,558,52783
2024-11-07,トマト,総計,593,164165
2024-11-07,トマト,群馬,470,9457
2024-11-08,トマト,千葉,482,8786
2024-11-08,トマト,愛知,572,11269
2024-11-08,トマト,熊本,581,46384
2024-11-08,トマト,総計,616,84797
2024-11-08,トマト,静岡,1047,5317
2024-11-09,トマト,北海道,414,6468
2024-11-09,トマト,千葉,504,13671
2024-11-09,トマト,愛知,612,13222
2024-11-09,トマト,栃木,647,17745
2024-11-09,トマト,熊本,580,61648
2024-11-09,トマト,総計,602,148752
2024-11-11,トマト,北海道,452,8065
2024-11-11,トマト,千葉,477,14616
2024-11-11,トマト,愛知,589,17549
2024-11-11,トマト,熊本,573,77183
2024-11-11,トマト,総計,589,145339
2024-11-12,トマト,千葉,499,14260
2024-11-12,トマト,愛知,617,10761
2024-11-12,トマト,栃木,676,13628
2024-11-12,トマト,熊本,617,26534
2024-11-12,トマト,総計,650,94144
2024-11-12,トマト,静岡,1063,6853
2024-11-14,トマト,千葉,519,14482
2024-11-14,トマト,愛知,647,20721
2024-11-14,トマト,栃木,705,17942
2024-11-14,トマト,熊本,660,76891
2024-11-14,トマト,総計,669,172117
2024-11-14,トマト,静岡,1195,6342
2024-11-15,トマト,千葉,575,8563
2024-11-15,トマト,愛知,686,7233
2024-11-15,トマト,栃木,678,7766
2024-11-15,トマト,熊本,843,21985
2024-11-15,トマト,総計,806,68009
2024-11-15,トマト,静岡,1288,5954
2024-11-16,トマト,千葉,598,18705
2024-11-16,トマト,愛知,691,16625
2024-11-16,トマト,栃木,780,19355
2024-11-16,トマト,熊本,859,34698
2024-11-16,トマト,総計,768,122097
2024-11-16,トマト,群馬,511,6955
2024-11-18,トマト,北海道,606,5585
2024-11-18,トマト,千葉,712,11659
2024-11-18,トマト,愛知,829,19660
2024-11-18,トマト,栃木,832,12057
2024-11-18,トマト,熊本,893,28961
2024-11-18,トマト,総計,841,102887
2024-11-19,トマト,千葉,822,15513
2024-11-19,トマト,愛知,942,8591
2024-11-19,トマト,栃木,893,19745
2024-11-19,トマト,熊本,1531,10328
2024-11-19,トマト,総計,996,79823
2024-11-19,トマト,静岡,1237,6343
2024-11-21,トマト,千葉,919,13915
2024-11-21,トマト,愛知,1009,24839
2024-11-21,トマト,栃木,988,24071
2024-11-21,トマト,熊本,1304,37992
2024-11-21,トマト,総計,1077,144680
2024-11-21,トマト,静岡,1527,7031
2024-11-22,トマト,千葉,871,10635
2024-11-22,トマト,愛知,1167,19947
2024-11-22,トマト,栃木,1101,13343
2024-11-22,トマト,熊本,1518,19664
2024-11-22,トマト,総計,1203,83452
2024-11-22,トマト,静岡,1405,5825
2024-11-25,トマト,千葉,880,20299
2024-11-25,トマト,愛知,1066,32733
2024-11-25,トマト,栃木,972,36898
2024-11-25,トマト,熊本,995,40696
2024-11-25,トマト,総計,992,167988
2024-11-25,トマト,青森,728,5629
2024-11-26,トマト,千葉,882,7494
2024-11-26,トマト,愛知,1088,13185
2024-11-26,トマト,栃木,964,23629
2024-11-26,トマト,熊本,1192,4466
2024-11-26,トマト,総計,1078,70648
2024-11-26,トマト,静岡,1548,7973
2024-11-28,トマト,千葉,846,10323
2024-11-28,トマト,愛知,1014,33854
2024-11-28,トマト,栃木,916,30035
2024-11-28,トマト,熊本,1029,34004
2024-11-28,トマト,総計,1015,140010
2024-11-28,トマト,静岡,1651,8085
2024-11-29,トマト,千葉,845,4782
2024-11-29,トマト,愛知,1153,9942
2024-11-29,トマト,栃木,916,16681
2024-11-29,トマト,熊本,924,13816
2024-11-29,トマト,総計,1047,62823
2024-11-29,トマト,静岡,1504,6494
2024-11-30,トマト,千葉,844,12438
2024-11-30,トマト,愛知,919,19042
2024-11-30,トマト,栃木,891,31401
2024-11-30,トマト,熊本,1090,16430
2024-11-30,トマト,総計,989,103117
2024-11-30,トマト,静岡,1406,7779
2024-12-02,トマト,千葉,775,8362
2024-12-02,トマト,愛知,837,24073
2024-12-02,トマト,栃木,746,23026
2024-12-02,トマト,熊本,920,27656
2024-12-02,トマト,総計,876,104268
2024-12-02,トマト,静岡,1413,5609
2024-12-03,トマト,千葉,790,12851
2024-12-03,トマト,愛知,853,14509
2024-12-03,トマト,栃木,788,26239
2024-12-03,トマト,熊本,1043,3721
2024-12-03,トマト,総計,885,79745
2024-12-03,トマト,静岡,1237,8285
2024-12-05,トマト,千葉,725,10046
2024-12-05,トマト,愛知,799,34117
2024-12-05,トマト,栃木,741,38857
2024-12-05,トマト,熊本,822,45330
2024-12-05,トマト,総計,823,160761
2024-12-05,トマト,静岡,1293,8184
2024-12-06,トマト,千葉,717,8054
2024-12-06,トマト,愛知,768,17787
2024-12-06,トマト,栃木,660,19024
2024-12-06,トマト,熊本,777,30553
2024-12-06,トマト,総計,794,93867
2024-12-07,トマト,千葉,656,11170
2024-12-07,トマト,愛知,686,20888
2024-12-07,トマト,栃木,666,31935
2024-12-07,トマト,熊本,712,29044
2024-12-07,トマト,総計,744,119962
2024-12-07,トマト,静岡,1035,11255
2024-12-09,トマト,千葉,599,8140
2024-12-09,トマト,愛知,606,28992
2024-12-09,トマト,栃木,576,28262
2024-12-09,トマト,熊本,622,51188
2024-12-09,トマト,総計,653,138141
2024-12-10,トマト,千葉,603,10522
2024-12-10,トマト,愛知,603,15167
2024-12-10,トマト,栃木,589,32220
2024-12-10,トマト,熊本,632,22145
2024-12-10,トマト,総計,667,99562
2024-12-12,トマト,千葉,567,8492
2024-12-12,トマト,愛知,585,31740
2024-12-12,トマト,栃木,545,40231
2024-12-12,トマト,熊本,564,56412
2024-12-12,トマト,総計,618,163943
2024-12-13,トマト,愛知,588,13945
2024-12-13,トマト,栃木,530,23398
2024-12-13,トマト,熊本,574,33114
2024-12-13,トマト,総計,623,90121
2024-12-13,トマト,静岡,1081,6903
2024-12-14,トマト,愛知,541,18735
2024-12-14,トマト,栃木,524,36629
2024-12-14,トマト,熊本,524,39665
2024-12-14,トマト,総計,600,126234
2024-12-14,トマト,静岡,1082,7880
2024-12-16,トマト,愛知,541,28109
2024-12-16,トマト,栃木,483,34926
2024-12-16,トマト,熊本,788,67930
2024-12-16,トマト,総計,673,158759
2024-12-17,トマト,愛知,549,14738
2024-12-17,トマト,栃木,502,37907
2024-12-17,トマト,熊本,518,21660
2024-12-17,トマト,総計,577,97976
2024-12-17,トマト,静岡,948,7949
2024-12-19,トマト,愛知,548,31231
2024-12-19,トマト,栃木,490,44816
2024-12-19,トマト,熊本,505,58256
2024-12-19,トマト,総計,561,164257
2024-12-20,トマト,愛知,544,15762
2024-12-20,トマト,栃木,490,26349
2024-12-20,トマト,熊本,513,32374
2024-12-20,トマト,総計,582,97370
2024-12-20,トマト,静岡,1112,7407
2024-12-21,トマト,愛知,530,20515
2024-12-21,トマト,栃木,515,42070
2024-12-21,トマト,熊本,556,36200
2024-12-21,トマト,総計,596,131327
2024-12-21,トマト,静岡,1022,7925
2024-12-23,トマト,愛知,570,25268
2024-12-23,トマト,栃木,536,31436
2024-12-23,トマト,熊本,553,56759
2024-12-23,トマト,総計,606,142346
2024-12-23,トマト,静岡,1158,6167
2024-12-24,トマト,愛知,621,16714
2024-12-24,トマト,栃木,575,48923
2024-12-24,トマト,熊本,751,21907
2024-12-24,トマト,総計,681,113074
2024-12-24,トマト,静岡,1176,7444
2024-12-26,トマト,愛知,667,30365
2024-12-26,トマト,栃木,594,55343
2024-12-26,トマト,熊本,671,59499
2024-12-26,トマト,総計,689,177882
2024-12-27,トマト,愛知,678,18509
2024-12-27,トマト,栃木,565,19338
2024-12-27,トマト,熊本,692,29315
2024-12-27,トマト,総計,733,90566
2024-12-27,トマト,静岡,1335,6777
2024-12-28,トマト,愛知,650,21017
2024-12-28,トマト,栃木,603,48089
2024-12-28,トマト,熊本,759,34316
2024-12-28,トマト,総計,718,131888
2024-12-28,トマト,静岡,1111,7395
2024-12-29,トマト,愛知,645,21113
2024-12-29,トマト,栃木,591,24502
2024-12-29,トマト,熊本,690,48142
2024-12-29,トマト,総計,703,117568
2024-12-29,トマト,静岡,1196,7808
2025-01-05,トマト,千葉,559,21478
2025-01-05,トマト,愛知,555,72726
2025-01-05,トマト,栃木,521,108717
2025-01-05,トマト,熊本,542,116195
2025-01-05,トマト,総計,578,389121
2025-01-06,トマト,愛知,539,25686
2025-01-06,トマト,栃木,501,40535
2025-01-06,トマト,熊本,484,51553
2025-01-06,トマト,総計,547,159548
2025-01-06,トマト,静岡,960,11888
2025-01-07,トマト,愛知,540,22448
2025-01-07,トマト,栃木,488,30296
2025-01-07,トマト,熊本,469,49042
2025-01-07,トマト,総計,550,139337
2025-01-07,トマト,静岡,872,10880
2025-01-09,トマト,愛知,564,32247
2025-01-09,トマト,栃木,452,56503
2025-01-09,トマト,熊本,450,81918
2025-01-09,トマト,総計,517,217506
2025-01-09,トマト,静岡,954,9228
2025-01-10,トマト,愛知,535,14469
2025-01-10,トマト,栃木,453,31495
2025-01-10,トマト,熊本,431,41473
2025-01-10,トマト,総計,520,119185
2025-01-10,トマト,静岡,1103,8242
2025-01-11,トマト,千葉,511,9197
2025-01-11,トマト,愛知,538,22732
2025-01-11,トマト,栃木,462,34320
2025-01-11,トマト,熊本,440,39727
2025-01-11,トマト,総計,532,136779
2025-01-11,トマト,静岡,886,8604
2025-01-14,トマト,千葉,488,11615
2025-01-14,トマト,愛知,523,43957
2025-01-14,トマト,栃木,434,83794
2025-01-14,トマト,熊本,440,81669
2025-01-14,トマト,総計,492,271738
2025-01-16,トマト,愛知,510,29478
2025-01-16,トマト,栃木,424,54900
2025-01-16,トマト,熊本,420,89943
2025-01-16,トマト,総計,486,230232
2025-01-16,トマト,静岡,791,15016
2025-01-17,トマト,愛知,533,23817
2025-01-17,トマト,栃木,412,33984
2025-01-17,トマト,熊本,415,45792
2025-01-17,トマト,総計,504,131854
2025-01-17,トマト,静岡,972,9865
2025-01-18,トマト,千葉,474,7359
2025-01-18,トマト,愛知,493,24423
2025-01-18,トマト,栃木,420,43752
2025-01-18,トマト,熊本,390,49694
2025-01-18,トマト,総計,486,163738
2025-01-18,トマト,静岡,828,12164
2025-01-20,トマト,愛知,493,30144
2025-01-20,トマト,栃木,389,42053
2025-01-20,トマト,熊本,410,76731
2025-01-20,トマト,福岡,419,7750
2025-01-20,トマト,総計,469,188062
2025-01-21,トマト,埼玉,381,6645
2025-01-21,トマト,愛知,463,18936
2025-01-21,トマト,栃木,404,42079
2025-01-21,トマト,熊本,363,27089
2025-01-21,トマト,総計,468,132656
2025-01-21,トマト,静岡,751,11865
2025-01-23,トマト,愛知,505,37767
2025-01-23,トマト,栃木,390,51307
2025-01-23,トマト,熊本,407,79890
2025-01-23,トマト,総計,470,221267
2025-01-23,トマト,静岡,897,10141
2025-01-24,トマト,愛知,455,17030
2025-01-24,トマト,栃木,383,30991
2025-01-24,トマト,熊本,387,53648
2025-01-24,トマト,総計,461,131838
2025-01-24,トマト,静岡,946,9153
2025-01-25,トマト,千葉,432,8510
2025-01-25,トマト,愛知,483,27204
2025-01-25,トマト,栃木,383,42493
2025-01-25,トマト,熊本,376,43174
2025-01-25,トマト,総計,465,160728
2025-01-25,トマト,静岡,762,11035
2025-01-27,トマト,愛知,460,37701
2025-01-27,トマト,栃木,358,50786
2025-01-27,トマト,熊本,369,95593
2025-01-27,トマト,福岡,389,9272
2025-01-27,トマト,総計,428,232189
2025-01-28,トマト,愛知,431,21168
2025-01-28,トマト,栃木,362,46581
2025-01-28,トマト,熊本,319,34513
2025-01-28,トマト,総計,424,148732
2025-01-28,トマト,茨城,524,8282
2025-01-28,トマト,静岡,727,10425
2025-01-30,トマト,愛知,475,41334
2025-01-30,トマト,栃木,360,65641
2025-01-30,トマト,熊本,344,97483
2025-01-30,トマト,総計,413,267461
2025-01-30,トマト,静岡,743,10149
2025-01-31,トマト,愛知,414,21423
2025-01-31,トマト,栃木,345,37807
2025-01-31,トマト,熊本,356,52846
2025-01-31,トマト,総計,464,155059
2025-01-31,トマト,静岡,981,13745
2025-02-01,トマト,千葉,389,10318
2025-02-01,トマト,愛知,462,26535
2025-02-01,トマト,栃木,362,37440
2025-02-01,トマト,熊本,352,41263
2025-02-01,トマト,総計,471,170549
2025-02-01,トマト,静岡,865,15089
2025-02-03,トマト,愛知,461,34591
2025-02-03,トマト,栃木,344,63242
2025-02-03,トマト,熊本,351,85406
2025-02-03,トマト,総計,427,231302
2025-02-03,トマト,静岡,957,12011
2025-02-04,トマト,愛知,452,22707
2025-02-04,トマト,栃木,354,42161
2025-02-04,トマト,熊本,323,24353
2025-02-04,トマト,総計,459,142374
2025-02-04,トマト,茨城,603,10334
2025-02-04,トマト,静岡,901,13733
2025-02-06,トマト,愛知,485,39383
2025-02-06,トマト,栃木,371,61275
2025-02-06,トマト,熊本,370,85428
2025-02-06,トマト,総計,436,244764
2025-02-06,トマト,静岡,838,10278
2025-02-07,トマト,愛知,436,19511
2025-02-07,トマト,栃木,351,37534
2025-02-07,トマト,熊本,382,24665
2025-02-07,トマト,総計,456,114616
2025-02-07,トマト,茨城,676,7385
2025-02-07,トマト,静岡,846,8631
2025-02-08,トマト,千葉,391,9423
2025-02-08,トマト,愛知,474,22704
2025-02-08,トマト,栃木,366,40614
2025-02-08,トマト,熊本,370,38320
2025-02-08,トマト,総計,446,158593
2025-02-08,トマト,静岡,689,12997
2025-02-10,トマト,愛知,424,41101
2025-02-10,トマト,栃木,365,58416
2025-02-10,トマト,熊本,385,66648
2025-02-10,トマト,総計,431,226103
2025-02-10,トマト,茨城,622,8020
2025-02-10,トマト,静岡,787,9475
2025-02-12,トマト,愛知,455,24804
2025-02-12,トマト,栃木,368,63928
2025-02-12,トマト,熊本,385,48006
2025-02-12,トマト,総計,430,177228
2025-02-12,トマト,茨城,626,7910
2025-02-13,トマト,愛知,501,28286
2025-02-13,トマト,栃木,380,48159
2025-02-13,トマト,熊本,389,46531
2025-02-13,トマト,総計,457,178077
2025-02-13,トマト,茨城,678,7968
2025-02-13,トマト,静岡,765,9834
2025-02-14,トマト,愛知,453,16678
2025-02-14,トマト,栃木,382,42669
2025-02-14,トマト,熊本,380,24877
2025-02-14,トマト,総計,481,127494
2025-02-14,トマト,茨城,617,8433
2025-02-14,トマト,静岡,996,11590
2025-02-15,トマト,千葉,384,7813
2025-02-15,トマト,愛知,481,22739
2025-02-15,トマト,栃木,383,46409
2025-02-15,トマト,熊本,383,36654
2025-02-15,トマト,総計,452,154909
2025-02-15,トマト,静岡,729,8076
2025-02-17,トマト,愛知,475,28436
2025-02-17,トマト,栃木,367,61846
2025-02-17,トマト,熊本,383,67749
2025-02-17,トマト,福岡,407,8208
2025-02-17,トマト,総計,436,206505
2025-02-18,トマト,千葉,401,9059
2025-02-18,トマト,愛知,450,24164
2025-02-18,トマト,栃木,378,53261
2025-02-18,トマト,熊本,388,15959
2025-02-18,トマト,総計,458,144384
2025-02-18,トマト,茨城,627,9976
2025-02-20,トマト,愛知,490,33365
2025-02-20,トマト,栃木,378,79143
2025-02-20,トマト,熊本,395,65782
2025-02-20,トマト,総計,452,236922
2025-02-20,トマト,茨城,667,8669
2025-02-20,トマト,静岡,902,10589
2025-02-21,トマト,愛知,483,20541
2025-02-21,トマト,栃木,376,48311
2025-02-21,トマト,熊本,382,21826
2025-02-21,トマト,総計,473,133471
2025-02-21,トマト,茨城,711,9439
2025-02-21,トマト,静岡,855,8646
2025-02-22,トマト,愛知,478,25251
2025-02-22,トマト,栃木,385,50345
2025-02-22,トマト,熊本,395,39364
2025-02-22,トマト,総計,475,167297
2025-02-22,トマト,茨城,718,9191
2025-02-22,トマト,静岡,825,10537
2025-02-25,トマト,愛知,468,47075
2025-02-25,トマト,栃木,386,95979
2025-02-25,トマト,熊本,388,89279
2025-02-25,トマト,総計,445,328710
2025-02-25,トマト,茨城,641,15425
2025-02-25,トマト,静岡,712,15075
2025-02-27,トマト,愛知,476,31285
2025-02-27,トマト,栃木,386,73728
2025-02-27,トマト,熊本,387,76960
2025-02-27,トマト,総計,453,246435
2025-02-27,トマト,茨城,636,12248
2025-02-27,トマト,静岡,934,10907
2025-02-28,トマト,愛知,520,19815
2025-02-28,トマト,栃木,383,43739
2025-02-28,トマト,熊本,385,24564
2025-02-28,トマト,総計,495,129136
2025-02-28,トマト,茨城,644,7196
2025-02-28,トマト,静岡,926,10351
2025-03-01,トマト,千葉,401,10481
2025-03-01,トマト,愛知,484,23224
2025-03-01,トマト,栃木,388,56965
2025-03-01,トマト,熊本,382,45207
2025-03-01,トマト,総計,465,178627
2025-03-01,トマト,静岡,866,10932
2025-03-03,トマト,愛知,498,35813
2025-03-03,トマト,栃木,378,60718
2025-03-03,トマト,熊本,389,81163
2025-03-03,トマト,福岡,388,9255
2025-03-03,トマト,総計,451,237770
2025-03-03,トマト,静岡,925,10018
2025-03-04,トマト,愛知,466,21941
2025-03-04,トマト,栃木,387,52866
2025-03-04,トマト,熊本,371,25093
2025-03-04,トマト,総計,447,151536
2025-03-04,トマト,茨城,543,10251
2025-03-04,トマト,静岡,727,10591
2025-03-06,トマト,愛知,509,36508
2025-03-06,トマト,栃木,379,72961
2025-03-06,トマト,熊本,386,84900
2025-03-06,トマト,総計,449,255463
2025-03-06,トマト,茨城,654,7596
2025-03-06,トマト,静岡,891,8788
2025-03-07,トマト,千葉,387,6910
2025-03-07,トマト,愛知,511,16538
2025-03-07,トマト,栃木,379,31672
2025-03-07,トマト,熊本,377,39080
2025-03-07,トマト,総計,470,127270
2025-03-07,トマト,静岡,937,8095
2025-03-08,トマト,愛知,483,21536
2025-03-08,トマト,栃木,386,41720
2025-03-08,トマト,熊本,377,47345
2025-03-08,トマト,総計,457,161707
2025-03-08,トマト,茨城,623,7397
2025-03-08,トマト,静岡,784,9040
2025-03-10,トマト,愛知,501,27561
2025-03-10,トマト,栃木,383,63870
2025-03-10,トマト,熊本,387,78540
2025-03-10,トマト,総計,447,221024
2025-03-10,トマト,静岡,946,8321
2025-03-11,トマト,愛知,475,23128
2025-03-11,トマト,栃木,383,48289
2025-03-11,トマト,熊本,369,19369
2025-03-11,トマト,総計,488,142904
2025-03-11,トマト,茨城,515,8835
2025-03-11,トマト,静岡,908,16580
2025-03-13,トマト,愛知,509,36945
2025-03-13,トマト,栃木,380,82242
2025-03-13,トマト,熊本,381,80874
2025-03-13,トマト,総計,443,261001
2025-03-13,トマト,静岡,950,10966
2025-03-14,トマト,愛知,476,24849
2025-03-14,トマト,栃木,372,38221
2025-03-14,トマト,熊本,375,29630
2025-03-14,トマト,総計,460,127144
2025-03-14,トマト,茨城,598,6424
2025-03-14,トマト,静岡,909,7511
2025-03-15,トマト,千葉,393,11093
2025-03-15,トマト,愛知,488,22829
2025-03-15,トマト,栃木,382,53456
2025-03-15,トマト,熊本,383,40905
2025-03-15,トマト,総計,451,172822
2025-03-15,トマト,静岡,708,10346
2025-03-17,トマト,愛知,523,32086
2025-03-17,トマト,栃木,370,78240
2025-03-17,トマト,熊本,387,77408
2025-03-17,トマト,総計,436,236337
2025-03-17,トマト,静岡,914,6969
2025-03-18,トマト,愛知,469,29092
2025-03-18,トマト,栃木,382,57270
2025-03-18,トマト,熊本,408,19716
2025-03-18,トマト,総計,461,153357
2025-03-18,トマト,茨城,609,7792
2025-03-18,トマト,静岡,749,10953
2025-03-21,トマト,千葉,385,17573
2025-03-21,トマト,愛知,463,50751
2025-03-21,トマト,栃木,369,126127
2025-03-21,トマト,沖縄,440,25123
2025-03-21,トマト,熊本,386,102090
2025-03-21,トマト,総計,430,393855
2025-03-22,トマト,千葉,403,9870
2025-03-22,トマト,愛知,473,27580
2025-03-22,トマト,栃木,385,53397
2025-03-22,トマト,熊本,388,37847
2025-03-22,トマト,総計,457,173321
2025-03-22,トマト,静岡,726,10118
2025-03-24,トマト,愛知,464,39944
2025-03-24,トマト,栃木,374,84782
2025-03-24,トマト,熊本,389,73516
2025-03-24,トマト,総計,436,255172
2025-03-24,トマト,静岡,887,9469
2025-03-25,トマト,千葉,389,11721
2025-03-25,トマト,愛知,479,26597
2025-03-25,トマト,栃木,380,69116
2025-03-25,トマト,熊本,385,17653
2025-03-25,トマト,総計,438,167853
2025-03-25,トマト,茨城,497,9268
2025-03-27,トマト,千葉,380,10568
2025-03-27,トマト,愛知,472,38501
2025-03-27,トマト,栃木,377,100060
2025-03-27,トマト,熊本,388,79055
2025-03-27,トマト,総計,433,280890
2025-03-28,トマト,千葉,364,9011
2025-03-28,トマト,愛知,483,26385
2025-03-28,トマト,栃木,364,46739
2025-03-28,トマト,熊本,386,33319
2025-03-28,トマト,総計,443,149617
2025-03-28,トマト,静岡,783,8310
2025-03-29,トマト,千葉,378,13212
2025-03-29,トマト,愛知,448,31327
2025-03-29,トマト,栃木,374,60134
2025-03-29,トマト,熊本,381,45643
2025-03-29,トマト,総計,439,203578
2025-03-29,トマト,静岡,743,11436
2025-03-31,トマト,愛知,466,46222
2025-03-31,トマト,栃木,350,88882
2025-03-31,トマト,熊本,368,86530
2025-03-31,トマト,総計,418,285484
2025-03-31,トマト,静岡,880,10695
2025-04-01,トマト,愛知,433,24086
2025-04-01,トマト,栃木,355,67842
2025-04-01,トマト,熊本,348,39637
2025-04-01,トマト,総計,412,185941
2025-04-01,トマト,茨城,497,9306
2025-04-01,トマト,静岡,714,10633
2025-04-03,トマト,千葉,351,16977
2025-04-03,トマト,愛知,466,43200
2025-04-03,トマト,栃木,352,79470
2025-04-03,トマト,熊本,357,90929
2025-04-03,トマト,総計,424,297250
2025-04-03,トマト,静岡,915,12362
2025-04-04,トマト,愛知,464,22684
2025-04-04,トマト,栃木,344,54839
2025-04-04,トマト,熊本,348,47775
2025-04-04,トマト,総計,414,168912
2025-04-04,トマト,茨城,614,6708
2025-04-04,トマト,静岡,781,7194
2025-04-05,トマト,千葉,354,12199
2025-04-05,トマト,愛知,450,26427
2025-04-05,トマト,栃木,359,49773
2025-04-05,トマト,熊本,354,41167
2025-04-05,トマト,総計,440,179142
2025-04-05,トマト,静岡,735,12591
2025-04-07,トマト,千葉,348,9423
2025-04-07,トマト,愛知,470,33649
2025-04-07,トマト,栃木,350,73792
2025-04-07,トマト,熊本,355,75553
2025-04-07,トマト,総計,421,243200
2025-04-07,トマト,静岡,921,9567
2025-04-08,トマト,千葉,370,10469
2025-04-08,トマト,愛知,446,22394
2025-04-08,トマト,栃木,354,59208
2025-04-08,トマト,熊本,352,25679
2025-04-08,トマト,総計,421,159071
2025-04-08,トマト,静岡,720,8808
2025-04-10,トマト,千葉,351,18973
2025-04-10,トマト,愛知,481,38893
2025-04-10,トマト,栃木,350,100759
2025-04-10,トマト,熊本,357,83739
2025-04-10,トマト,総計,410,300108
2025-04-11,トマト,千葉,344,8216
2025-04-11,トマト,愛知,463,18029
2025-04-11,トマト,栃木,346,53605
2025-04-11,トマト,熊本,357,42770
2025-04-11,トマト,総計,415,159767
2025-04-11,トマト,茨城,589,8282
2025-04-12,トマト,千葉,357,12344
2025-04-12,トマト,愛知,440,26803
2025-04-12,トマト,栃木,363,65871
2025-04-12,トマト,熊本,353,48537
2025-04-12,トマト,総計,420,204804
2025-04-12,トマト,静岡,688,11031
2025-04-14,トマト,千葉,347,12533
2025-04-14,トマト,愛知,482,29616
2025-04-14,トマト,栃木,348,82030
2025-04-14,トマト,熊本,356,94291
2025-04-14,トマト,総計,403,269022
2025-04-15,トマト,千葉,369,10863
2025-04-15,トマト,愛知,437,22422
2025-04-15,トマト,栃木,357,52778
2025-04-15,トマト,熊本,359,49290
2025-04-15,トマト,総計,420,181620
2025-04-15,トマト,静岡,725,9834
2025-04-17,トマト,千葉,347,17116
2025-04-17,トマト,愛知,481,40060
2025-04-17,トマト,栃木,351,84995
2025-04-17,トマト,熊本,352,100458
2025-04-17,トマト,総計,413,303002
2025-04-18,トマト,千葉,343,8957
2025-04-18,トマト,愛知,423,23248
2025-04-18,トマト,栃木,349,46207
2025-04-18,トマト,熊本,351,53569
2025-04-18,トマト,総計,419,173017
2025-04-18,トマト,静岡,839,9315
2025-04-19,トマト,千葉,356,10318
2025-04-19,トマト,愛知,443,26711
2025-04-19,トマト,栃木,354,61504
2025-04-19,トマト,熊本,347,58399
2025-04-19,トマト,総計,419,206101
2025-04-19,トマト,静岡,714,11684
2025-04-21,トマト,千葉,334,10287
2025-04-21,トマト,愛知,457,35767
2025-04-21,トマト,栃木,334,93608
2025-04-21,トマト,熊本,347,93898
2025-04-21,トマト,総計,394,289939
2025-04-22,トマト,千葉,349,12646
2025-04-22,トマト,愛知,423,22024
2025-04-22,トマト,栃木,346,58480
2025-04-22,トマト,熊本,342,46383
2025-04-22,トマト,総計,406,184683
2025-04-22,トマト,静岡,699,10525
2025-04-24,トマト,千葉,342,19884
2025-04-24,トマト,愛知,471,48823
2025-04-24,トマト,栃木,337,98940
2025-04-24,トマト,熊本,342,87874
2025-04-24,トマト,総計,405,325271
2025-04-24,トマト,静岡,833,12188
2025-04-25,トマト,千葉,332,10877
2025-04-25,トマト,愛知,406,23386
2025-04-25,トマト,栃木,330,47163
2025-04-25,トマト,熊本,334,56152
2025-04-25,トマト,総計,402,182566
2025-04-25,トマト,茨城,567,10279
2025-04-26,トマト,千葉,344,14790
2025-04-26,トマト,愛知,412,30541
2025-04-26,トマト,栃木,343,66741
2025-04-26,トマト,熊本,337,57808
2025-04-26,トマト,総計,410,226600
2025-04-26,トマト,静岡,700,13012
2025-04-28,トマト,千葉,322,17607
2025-04-28,トマト,愛知,437,52963
2025-04-28,トマト,栃木,323,100995
2025-04-28,トマト,熊本,331,95796
2025-04-28,トマト,総計,388,337560
2025-04-28,トマト,茨城,567,14911
2025-04-30,トマト,千葉,312,13408
2025-04-30,トマト,愛知,396,32237
2025-04-30,トマト,栃木,315,113516
2025-04-30,トマト,熊本,328,102361
2025-04-30,トマト,総計,364,326016
2025-05-01,トマト,千葉,322,12636
2025-05-01,トマト,愛知,471,32262
2025-05-01,トマト,栃木,322,62866
2025-05-01,トマト,熊本,328,50381
2025-05-01,トマト,総計,407,210646
2025-05-01,トマト,茨城,560,10909
2025-05-02,トマト,千葉,314,11271
2025-05-02,トマト,愛知,395,25223
2025-05-02,トマト,栃木,321,49215
2025-05-02,トマト,熊本,325,40472
2025-05-02,トマト,総計,398,166743
2025-05-02,トマト,静岡,918,8404
2025-05-03,トマト,千葉,324,13307
2025-05-03,トマト,愛知,389,24013
2025-05-03,トマト,栃木,330,67389
2025-05-03,トマト,熊本,338,48188
2025-05-03,トマト,総計,392,203250
2025-05-03,トマト,茨城,633,10824
2025-05-07,トマト,千葉,320,37608
2025-05-07,トマト,愛知,371,78683
2025-05-07,トマト,栃木,314,179110
2025-05-07,トマト,熊本,324,187325
2025-05-07,トマト,総計,358,605405
2025-05-07,トマト,茨城,520,20205
2025-05-08,トマト,千葉,323,14172
2025-05-08,トマト,愛知,436,32079
2025-05-08,トマト,栃木,336,54713
2025-05-08,トマト,熊本,328,50114
2025-05-08,トマト,総計,405,204382
2025-05-08,トマト,静岡,767,9962
2025-05-09,トマト,千葉,319,13527
2025-05-09,トマト,愛知,394,27272
2025-05-09,トマト,栃木,323,40164
2025-05-09,トマト,熊本,339,75061
2025-05-09,トマト,総計,390,200479
2025-05-09,トマト,静岡,828,10556
2025-05-10,トマト,千葉,327,17344
2025-05-10,トマト,愛知,395,25161
2025-05-10,トマト,栃木,336,57879
2025-05-10,トマト,熊本,326,57374
2025-05-10,トマト,総計,383,220587
2025-05-10,トマト,静岡,594,12683
2025-05-12,トマト,千葉,313,18076
2025-05-12,トマト,愛知,381,47308
2025-05-12,トマト,栃木,319,95388
2025-05-12,トマト,熊本,326,98185
2025-05-12,トマト,総計,363,326610
2025-05-12,トマト,茨城,400,13082
2025-05-13,トマト,千葉,325,19741
2025-05-13,トマト,愛知,364,24745
2025-05-13,トマト,栃木,331,57405
2025-05-13,トマト,熊本,360,64618
2025-05-13,トマト,総計,382,217443
2025-05-13,トマト,静岡,619,10757
2025-05-15,トマト,千葉,316,26058
2025-05-15,トマト,愛知,405,54494
2025-05-15,トマト,栃木,324,98655
2025-05-15,トマト,熊本,322,103382
2025-05-15,トマト,総計,371,356953
2025-05-15,トマト,茨城,451,13432
2025-05-16,トマト,千葉,305,15722
2025-05-16,トマト,愛知,352,26279
2025-05-16,トマト,栃木,322,47913
2025-05-16,トマト,熊本,322,67652
2025-05-16,トマト,総計,369,200853
2025-05-16,トマト,静岡,768,8705
2025-05-17,トマト,千葉,313,17851
2025-05-17,トマト,愛知,395,25893
2025-05-17,トマト,栃木,328,67080
2025-05-17,トマト,熊本,314,68209
2025-05-17,トマト,総計,376,235809
2025-05-17,トマト,静岡,665,12380
2025-05-19,トマト,千葉,303,17389
2025-05-19,トマト,愛知,395,43371
2025-05-19,トマト,栃木,312,95543
2025-05-19,トマト,熊本,314,105128
2025-05-19,トマト,総計,358,321886
2025-05-20,トマト,千葉,312,20357
2025-05-20,トマト,愛知,352,24477
2025-05-20,トマト,栃木,326,63503
2025-05-20,トマト,熊本,313,64442
2025-05-20,トマト,総計,363,222928
2025-05-20,トマト,茨城,512,10739
2025-05-22,トマト,千葉,295,26321
2025-05-22,トマト,愛知,390,55815
2025-05-22,トマト,栃木,312,104314
2025-05-22,トマト,熊本,310,107534
2025-05-22,トマト,総計,364,385957
2025-05-22,トマト,茨城,472,18947
2025-05-23,トマト,千葉,284,16981
2025-05-23,トマト,愛知,329,35340
2025-05-23,トマト,栃木,303,52954
2025-05-23,トマト,熊本,310,68028
2025-05-23,トマト,総計,356,224877
2025-05-23,トマト,茨城,509,12556
2025-05-24,トマト,千葉,301,20581
2025-05-24,トマト,愛知,349,32639
2025-05-24,トマト,栃木,318,65598
2025-05-24,トマト,熊本,297,62776
2025-05-24,トマト,総計,369,256228
2025-05-24,トマト,静岡,682,14887
2025-05-26,トマト,千葉,271,26028
2025-05-26,トマト,愛知,343,72215
2025-05-26,トマト,栃木,292,101321
2025-05-26,トマト,熊本,288,126862
2025-05-26,トマト,総計,332,411085
2025-05-26,トマト,茨城,443,14701
2025-05-27,トマト,千葉,283,25331
2025-05-27,トマト,愛知,306,31898
2025-05-27,トマト,栃木,307,63689
2025-05-27,トマト,熊本,279,83021
2025-05-27,トマト,総計,333,276806
2025-05-27,トマト,茨城,477,12530
2025-05-29,トマト,千葉,267,39565
2025-05-29,トマト,愛知,357,66522
2025-05-29,トマト,栃木,294,112877
2025-05-29,トマト,熊本,268,133436
2025-05-29,トマト,総計,329,459453
2025-05-29,トマト,茨城,412,17518
2025-05-30,トマト,千葉,247,16823
2025-05-30,トマト,愛知,335,27928
2025-05-30,トマト,栃木,280,57415
2025-05-30,トマト,熊本,264,94836
2025-05-30,トマト,総計,321,259435
2025-05-30,トマト,静岡,654,15148
2025-05-31,トマト,千葉,267,20438
2025-05-31,トマト,愛知,327,26379
2025-05-31,トマト,栃木,289,79357
2025-05-31,トマト,熊本,255,79505
2025-05-31,トマト,総計,331,281038
2025-05-31,トマト,静岡,633,16280
2025-06-02,トマト,千葉,259,17157
2025-06-02,トマト,愛知,348,49757
2025-06-02,トマト,栃木,285,78548
2025-06-02,トマト,熊本,265,106610
2025-06-02,トマト,総計,327,322296
2025-06-02,トマト,静岡,777,12297
2025-06-03,トマト,千葉,274,15246
2025-06-03,トマト,愛知,330,28457
2025-06-03,トマト,栃木,303,46272
2025-06-03,トマト,熊本,248,55395
2025-06-03,トマト,総計,335,193431
2025-06-03,トマト,静岡,659,10634
2025-06-05,トマト,千葉,277,24992
2025-06-05,トマト,愛知,367,52442
2025-06-05,トマト,栃木,304,77254
2025-06-05,トマト,熊本,275,96493
2025-06-05,トマト,総計,341,326210
2025-06-05,トマト,静岡,801,12180
2025-06-06,トマト,千葉,267,14467
2025-06-06,トマト,愛知,332,28707
2025-06-06,トマト,栃木,295,36372
2025-06-06,トマト,熊本,277,47901
2025-06-06,トマト,総計,339,169692
2025-06-06,トマト,静岡,726,8671
2025-06-07,トマト,千葉,277,21007
2025-06-07,トマト,愛知,317,28097
2025-06-07,トマト,栃木,307,50472
2025-06-07,トマト,熊本,279,36649
2025-06-07,トマト,総計,355,189322
2025-06-07,トマト,静岡,654,11068
2025-06-09,トマト,北海道,452,11037
2025-06-09,トマト,千葉,302,19966
2025-06-09,トマト,愛知,367,40805
2025-06-09,トマト,栃木,319,63744
2025-06-09,トマト,熊本,309,58851
2025-06-09,トマト,総計,359,237912
2025-06-10,トマト,千葉,296,28032
2025-06-10,トマト,愛知,334,26281
2025-06-10,トマト,栃木,330,41934
2025-06-10,トマト,熊本,300,39478
2025-06-10,トマト,総計,354,188584
2025-06-10,トマト,茨城,506,8727
2025-06-12,トマト,千葉,339,36095
2025-06-12,トマト,愛知,390,51186
2025-06-12,トマト,栃木,342,73911
2025-06-12,トマト,熊本,343,69166
2025-06-12,トマト,総計,393,317041
2025-06-12,トマト,茨城,464,14231
2025-06-13,トマト,千葉,329,25504
2025-06-13,トマト,愛知,377,30156
2025-06-13,トマト,栃木,346,48459
2025-06-13,トマト,熊本,329,45840
2025-06-13,トマト,総計,390,208422
2025-06-13,トマト,茨城,526,11540
2025-06-14,トマト,千葉,328,29308
2025-06-14,トマト,愛知,353,30923
2025-06-14,トマト,栃木,350,65581
2025-06-14,トマト,熊本,325,49783
2025-06-14,トマト,総計,384,250500
2025-06-14,トマト,茨城,478,15723
2025-06-16,トマト,北海道,488,16232
2025-06-16,トマト,千葉,306,31482
2025-06-16,トマト,愛知,373,49285
2025-06-16,トマト,栃木,335,76394
2025-06-16,トマト,熊本,303,111120
2025-06-16,トマト,総計,356,354064
2025-06-17,トマト,千葉,295,28440
2025-06-17,トマト,愛知,354,21556
2025-06-17,トマト,栃木,337,49185
2025-06-17,トマト,熊本,281,57618
2025-06-17,トマト,総計,355,225335
2025-06-17,トマト,茨城,422,13261
2025-06-19,トマト,北海道,483,21017
2025-06-19,トマト,千葉,293,36231
2025-06-19,トマト,愛知,370,54203
2025-06-19,トマト,栃木,325,83957
2025-06-19,トマト,熊本,268,107729
2025-06-19,トマト,総計,351,384642
2025-06-20,トマト,北海道,485,16856
2025-06-20,トマト,千葉,281,42523
2025-06-20,トマト,愛知,313,29243
2025-06-20,トマト,栃木,314,36672
2025-06-20,トマト,熊本,266,46157
2025-06-20,トマト,総計,342,215289
2025-06-21,トマト,千葉,282,27386
2025-06-21,トマト,愛知,336,26959
2025-06-21,トマト,栃木,328,49182
2025-06-21,トマト,熊本,260,45129
2025-06-21,トマト,総計,363,229053
2025-06-21,トマト,茨城,375,14255
2025-06-23,トマト,北海道,436,31169
2025-06-23,トマト,千葉,263,40172
2025-06-23,トマト,愛知,323,58943
2025-06-23,トマト,栃木,294,98315
2025-06-23,トマト,熊本,249,42625
2025-06-23,トマト,総計,339,357763
2025-06-24,トマト,千葉,250,35592
2025-06-24,トマト,愛知,318,33908
2025-06-24,トマト,栃木,294,71715
2025-06-24,トマト,熊本,241,18009
2025-06-24,トマト,総計,333,259253
2025-06-24,トマト,茨城,312,16318
2025-06-26,トマト,北海道,404,45802
2025-06-26,トマト,千葉,254,37432
2025-06-26,トマト,愛知,332,57107
2025-06-26,トマト,栃木,255,136802
2025-06-26,トマト,熊本,247,31233
2025-06-26,トマト,総計,327,439725
2025-06-27,トマト,北海道,397,34261
2025-06-27,トマト,千葉,234,36123
2025-06-27,トマト,愛知,336,33783
2025-06-27,トマト,栃木,245,46490
2025-06-27,トマト,熊本,242,13796
2025-06-27,トマト,総計,333,241164
2025-06-28,トマト,北海道,395,29224
2025-06-28,トマト,千葉,252,28301
2025-06-28,トマト,愛知,319,20664
2025-06-28,トマト,栃木,254,63163
2025-06-28,トマト,熊本,239,14371
2025-06-28,トマト,総計,338,247356
2025-06-30,トマト,北海道,393,50345
2025-06-30,トマト,千葉,250,24593
2025-06-30,トマト,岩手,375,12958
2025-06-30,トマト,愛知,367,30550
2025-06-30,トマト,栃木,246,57230
2025-06-30,トマト,総計,353,254369
2025-07-01,トマト,北海道,415,31662
2025-07-01,トマト,千葉,272,19462
2025-07-01,トマト,愛知,320,11098
2025-07-01,トマト,栃木,283,28355
2025-07-01,トマト,総計,376,164304
2025-07-01,トマト,青森,392,15861
2025-07-03,トマト,北海道,431,60467
2025-07-03,トマト,千葉,287,26617
2025-07-03,トマト,岩手,382,21765
2025-07-03,トマト,愛知,360,27377
2025-07-03,トマト,栃木,304,36693
2025-07-03,トマト,総計,397,271289
2025-07-04,トマト,北海道,412,40418
2025-07-04,トマト,千葉,288,15597
2025-07-04,トマト,愛知,354,14871
2025-07-04,トマト,栃木,313,10047
2025-07-04,トマト,総計,407,139115
2025-07-04,トマト,青森,400,8505
2025-07-05,トマト,北海道,452,49856
2025-07-05,トマト,千葉,316,17347
2025-07-05,トマト,岩手,383,11585
2025-07-05,トマト,栃木,344,25887
2025-07-05,トマト,総計,426,191695
2025-07-05,トマト,青森,402,15853
2025-07-07,トマト,北海道,429,79486
2025-07-07,トマト,千葉,325,25063
2025-07-07,トマト,岩手,379,30881
2025-07-07,トマト,栃木,336,36927
2025-07-07,トマト,総計,402,308188
2025-07-07,トマト,青森,405,26221
2025-07-08,トマト,北海道,456,34988
2025-07-08,トマト,千葉,322,18185
2025-07-08,トマト,岩手,372,16439
2025-07-08,トマト,栃木,325,37869
2025-07-08,トマト,総計,402,209758
2025-07-08,トマト,青森,404,27481
2025-07-10,トマト,北海道,428,93874
2025-07-10,トマト,岩手,364,35732
2025-07-10,トマト,栃木,334,44746
2025-07-10,トマト,総計,403,365527
2025-07-10,トマト,群馬,400,31878
2025-07-10,トマト,青森,403,38249
2025-07-11,トマト,北海道,472,29341
2025-07-11,トマト,千葉,303,11650
2025-07-11,トマト,岩手,365,15010
2025-07-11,トマト,総計,434,144535
2025-07-11,トマト,群馬,406,19823
2025-07-11,トマト,青森,420,18052
2025-07-12,トマト,北海道,424,67820
2025-07-12,トマト,岩手,356,19135
2025-07-12,トマト,栃木,331,34158
2025-07-12,トマト,総計,407,237332
2025-07-12,トマト,群馬,394,23365
2025-07-12,トマト,青森,405,24909
2025-07-14,トマト,北海道,426,79746
2025-07-14,トマト,岩手,353,35229
2025-07-14,トマト,栃木,337,21212
2025-07-14,トマト,総計,403,305793
2025-07-14,トマト,群馬,389,39311
2025-07-14,トマト,青森,409,37843
2025-07-15,トマト,北海道,460,42278
2025-07-15,トマト,岩手,356,14913
2025-07-15,トマト,栃木,334,15134
2025-07-15,トマト,総計,423,180130
2025-07-15,トマト,群馬,396,16113
2025-07-15,トマト,青森,396,32025
2025-07-17,トマト,北海道,463,63095
2025-07-17,トマト,岩手,353,27829
2025-07-17,トマト,福島,463,12604
2025-07-17,トマト,総計,439,231485
2025-07-17,トマト,群馬,390,25713
2025-07-17,トマト,青森,401,34445
2025-07-18,トマト,北海道,497,29705
2025-07-18,トマト,岐阜,444,9590
2025-07-18,トマト,岩手,365,8637
2025-07-18,トマト,総計,461,111529
2025-07-18,トマト,群馬,388,17566
2025-07-18,トマト,青森,434,16808
2025-07-19,トマト,北海道,494,38739
2025-07-19,トマト,岐阜,511,12924
2025-07-19,トマト,岩手,369,11437
2025-07-19,トマト,総計,472,159552
2025-07-19,トマト,群馬,400,21812
2025-07-19,トマト,青森,429,27908
2025-07-22,トマト,北海道,453,118651
2025-07-22,トマト,岩手,366,41028
2025-07-22,トマト,秋田,389,26693
2025-07-22,トマト,総計,428,413145
2025-07-22,トマト,群馬,396,79121
2025-07-22,トマト,青森,391,67642
2025-07-24,トマト,北海道,442,95916
2025-07-24,トマト,岩手,374,36200
2025-07-24,トマト,秋田,383,23224
2025-07-24,トマト,総計,430,345619
2025-07-24,トマト,群馬,395,58817
2025-07-24,トマト,青森,398,57065
2025-07-25,トマト,北海道,466,41722
2025-07-25,トマト,岐阜,498,14993
2025-07-25,トマト,岩手,373,20570
2025-07-25,トマト,総計,447,172764
2025-07-25,トマト,群馬,392,27695
2025-07-25,トマト,青森,409,26590
2025-07-26,トマト,北海道,458,61327
2025-07-26,トマト,岐阜,499,18763
2025-07-26,トマト,岩手,378,19651
2025-07-26,トマト,総計,445,231761
2025-07-26,トマト,群馬,409,30960
2025-07-26,トマト,青森,396,47864
2025-07-28,トマト,北海道,425,115593
2025-07-28,トマト,岩手,382,41667
2025-07-28,トマト,秋田,390,26024
2025-07-28,トマト,総計,420,357532
2025-07-28,トマト,群馬,401,53310
2025-07-28,トマト,青森,391,48731
2025-07-29,トマト,北海道,443,64878
2025-07-29,トマト,岩手,385,16324
2025-07-29,トマト,福島,519,14503
2025-07-29,トマト,総計,432,216204
2025-07-29,トマト,群馬,389,29945
2025-07-29,トマト,青森,389,44027
2025-07-31,トマト,北海道,427,99532
2025-07-31,トマト,岩手,387,37657
2025-07-31,トマト,福島,492,31661
2025-07-31,トマト,総計,427,351219
2025-07-31,トマト,群馬,387,59119
2025-07-31,トマト,青森,398,53625
2025-08-01,トマト,北海道,513,30437
2025-08-01,トマト,岐阜,465,11985
2025-08-01,トマト,福島,461,18484
2025-08-01,トマト,総計,455,148225
2025-08-01,トマト,群馬,373,31601
2025-08-01,トマト,青森,409,23018
2025-08-02,トマト,北海道,437,79678
2025-08-02,トマト,岩手,387,12849
2025-08-02,トマト,福島,474,25182
2025-08-02,トマト,総計,436,222470
2025-08-02,トマト,群馬,380,40726
2025-08-02,トマト,青森,403,27581
2025-08-04,トマト,北海道,435,101033
2025-08-04,トマト,岩手,398,33948
2025-08-04,トマト,福島,430,48881
2025-08-04,トマト,総計,421,369347
2025-08-04,トマト,群馬,356,75947
2025-08-04,トマト,青森,404,44319
2025-08-05,トマト,北海道,432,68617
2025-08-05,トマト,岐阜,466,17658
2025-08-05,トマト,福島,459,25784
2025-08-05,トマト,総計,429,225966
2025-08-05,トマト,群馬,355,39648
2025-08-05,トマト,青森,408,29611
2025-08-07,トマト,北海道,453,108433
2025-08-07,トマト,岩手,405,41147
2025-08-07,トマト,福島,457,46916
2025-08-07,トマト,総計,429,398833
2025-08-07,トマト,群馬,356,76942
2025-08-07,トマト,青森,415,40538
2025-08-08,トマト,北海道,430,68263
2025-08-08,トマト,岐阜,423,17518
2025-08-08,トマト,岩手,408,18385
2025-08-08,トマト,福島,431,24754
2025-08-08,トマト,総計,439,207559
2025-08-08,トマト,群馬,371,36770
2025-08-09,トマト,北海道,472,59231
2025-08-09,トマト,岩手,401,20177
2025-08-09,トマト,福島,472,31594
2025-08-09,トマト,総計,452,219817
2025-08-09,トマト,群馬,384,39280
2025-08-09,トマト,青森,410,23579
2025-08-11,トマト,北海道,467,94908
2025-08-11,トマト,岐阜,431,31822
2025-08-11,トマト,福島,432,51255
2025-08-11,トマト,総計,442,344269
2025-08-11,トマト,群馬,380,64241
2025-08-11,トマト,青森,449,30660
2025-08-12,トマト,北海道,490,48948
2025-08-12,トマト,岐阜,465,14915
2025-08-12,トマト,福島,467,31169
2025-08-12,トマト,総計,482,178810
2025-08-12,トマト,群馬,391,23281
2025-08-12,トマト,青森,453,20801
2025-08-16,トマト,北海道,463,136175
2025-08-16,トマト,岐阜,439,66641
2025-08-16,トマト,福島,453,98657
2025-08-16,トマト,総計,461,580730
2025-08-16,トマト,群馬,403,94831
2025-08-16,トマト,青森,431,61588
2025-08-18,トマト,北海道,518,80647
2025-08-18,トマト,岐阜,500,23459
2025-08-18,トマト,福島,480,43298
2025-08-18,トマト,総計,513,295656
2025-08-18,トマト,群馬,467,43782
2025-08-18,トマト,青森,480,43438
2025-08-19,トマト,北海道,597,40849
2025-08-19,トマト,岐阜,553,24571
2025-08-19,トマト,福島,525,25544
2025-08-19,トマト,総計,552,176511
2025-08-19,トマト,群馬,491,26435
2025-08-19,トマト,青森,505,26551
2025-08-21,トマト,北海道,568,112887
2025-08-21,トマト,岐阜,573,34951
2025-08-21,トマト,福島,539,46149
2025-08-21,トマト,総計,554,351052
2025-08-21,トマト,群馬,519,55499
2025-08-21,トマト,青森,534,34745
2025-08-22,トマト,北海道,591,57300
2025-08-22,トマト,岐阜,633,14023
2025-08-22,トマト,福島,564,27259
2025-08-22,トマト,総計,596,172272
2025-08-22,トマト,群馬,556,31112
2025-08-22,トマト,青森,578,14348
2025-08-23,トマト,北海道,611,82246
2025-08-23,トマト,岐阜,648,17770
2025-08-23,トマト,福島,563,24469
2025-08-23,トマト,総計,609,204068
2025-08-23,トマト,群馬,568,33229
2025-08-23,トマト,青森,579,15795
2025-08-25,トマト,北海道,611,109549
2025-08-25,トマト,岐阜,633,35190
2025-08-25,トマト,福島,624,46650
2025-08-25,トマト,総計,609,343543
2025-08-25,トマト,群馬,566,61815
2025-08-25,トマト,青森,591,25094
2025-08-26,トマト,北海道,644,58947
2025-08-26,トマト,岐阜,613,15167
2025-08-26,トマト,福島,667,26743
2025-08-26,トマト,総計,636,187852
2025-08-26,トマト,群馬,584,32433
2025-08-26,トマト,青森,577,19002
2025-08-28,トマト,北海道,624,80085
2025-08-28,トマト,岐阜,626,30706
2025-08-28,トマト,福島,672,63029
2025-08-28,トマト,総計,629,348526
2025-08-28,トマト,群馬,577,72779
2025-08-28,トマト,青森,610,29064
2025-08-29,トマト,北海道,657,36921
2025-08-29,トマト,岐阜,570,21647
2025-08-29,トマト,岩手,582,14712
2025-08-29,トマト,福島,657,43343
2025-08-29,トマト,総計,642,189895
2025-08-29,トマト,群馬,555,28270
2025-08-30,トマト,北海道,651,36441
2025-08-30,トマト,岐阜,568,23850
2025-08-30,トマト,福島,665,44120
2025-08-30,トマト,総計,637,207969
2025-08-30,トマト,群馬,566,37196
2025-08-30,トマト,青森,610,18558
2025-09-01,トマト,北海道,638,45202
2025-09-01,トマト,岐阜,597,30807
2025-09-01,トマト,福島,647,63515
2025-09-01,トマト,総計,610,299747
2025-09-01,トマト,群馬,555,49132
2025-09-01,トマト,青森,573,31579
2025-09-02,トマト,北海道,705,23311
2025-09-02,トマト,岐阜,586,22515
2025-09-02,トマト,福島,654,34092
2025-09-02,トマト,総計,635,166025
2025-09-02,トマト,群馬,574,18740
2025-09-02,トマト,青森,605,18616
2025-09-04,トマト,北海道,615,53137
2025-09-04,トマト,岐阜,597,30249
2025-09-04,トマト,福島,659,51486
2025-09-04,トマト,総計,616,289633
2025-09-04,トマト,群馬,553,37214
2025-09-04,トマト,青森,637,31788
2025-09-05,トマト,北海道,623,27399
2025-09-05,トマト,岐阜,603,17321
2025-09-05,トマト,福島,671,26394
2025-09-05,トマト,総計,625,155836
2025-09-05,トマト,群馬,566,19077
2025-09-05,トマト,青森,622,13893
2025-09-06,トマト,北海道,650,27946
2025-09-06,トマト,千葉,510,24267
2025-09-06,トマト,福島,682,28623
2025-09-06,トマト,総計,623,185501
2025-09-06,トマト,群馬,571,20750
2025-09-06,トマト,青森,578,22845
2025-09-08,トマト,北海道,615,49479
2025-09-08,トマト,千葉,494,28147
2025-09-08,トマト,福島,663,44582
2025-09-08,トマト,総計,597,279729
2025-09-08,トマト,群馬,559,41896
2025-09-08,トマト,青森,593,28862
2025-09-09,トマト,北海道,645,32331
2025-09-09,トマト,千葉,510,24741
2025-09-09,トマト,福島,684,25697
2025-09-09,トマト,総計,620,160020
2025-09-09,トマト,群馬,553,17765
2025-09-09,トマト,青森,589,16804
2025-09-11,トマト,北海道,659,49088
2025-09-11,トマト,千葉,530,27435
2025-09-11,トマト,福島,705,35053
2025-09-11,トマト,総計,638,235332
2025-09-11,トマト,群馬,579,25877
2025-09-11,トマト,青森,623,29843
2025-09-12,トマト,北海道,588,31947
2025-09-12,トマト,千葉,506,21012
2025-09-12,トマト,福島,693,16360
2025-09-12,トマト,総計,618,134394
2025-09-12,トマト,群馬,604,14532
2025-09-12,トマト,青森,653,16115
2025-09-13,トマト,北海道,681,35493
2025-09-13,トマト,千葉,535,21111
2025-09-13,トマト,福島,737,17325
2025-09-13,トマト,総計,664,146341
2025-09-13,トマト,群馬,626,15732
2025-09-13,トマト,青森,659,19385
2025-09-16,トマト,北海道,693,55950
2025-09-16,トマト,千葉,548,80186
2025-09-16,トマト,福島,752,43141
2025-09-16,トマト,総計,651,354380
2025-09-16,トマト,群馬,645,55730
2025-09-16,トマト,青森,663,34410
2025-09-18,トマト,北海道,704,34521
2025-09-18,トマト,千葉,584,57158
2025-09-18,トマト,福島,792,31073
2025-09-18,トマト,総計,688,258580
2025-09-18,トマト,群馬,681,37803
2025-09-18,トマト,青森,688,33991
2025-09-19,トマト,北海道,629,20756
2025-09-19,トマト,千葉,572,36639
2025-09-19,トマト,福島,767,14531
2025-09-19,トマト,総計,728,139549
2025-09-19,トマト,群馬,675,17925
2025-09-19,トマト,青森,700,16316
2025-09-20,トマト,北海道,703,26917
2025-09-20,トマト,千葉,592,42386
2025-09-20,トマト,福島,792,21161
2025-09-20,トマト,総計,690,163144
2025-09-20,トマト,群馬,670,23462
2025-09-20,トマト,青森,663,15552
2025-09-22,トマト,北海道,694,47073
2025-09-22,トマト,千葉,604,64859
2025-09-22,トマト,福島,782,42249
2025-09-22,トマト,総計,691,300605
2025-09-22,トマト,群馬,682,48437
2025-09-22,トマト,青森,691,21970
2025-09-24,トマト,北海道,704,28351
2025-09-24,トマト,千葉,595,53124
2025-09-24,トマト,岐阜,738,19783
2025-09-24,トマト,福島,788,40107
2025-09-24,トマト,総計,695,254929
2025-09-24,トマト,群馬,649,47754
2025-09-25,トマト,北海道,750,33480
2025-09-25,トマト,千葉,609,28510
2025-09-25,トマト,福島,800,25806
2025-09-25,トマト,総計,748,166642
2025-09-25,トマト,群馬,645,22454
2025-09-25,トマト,青森,818,12054
2025-09-26,トマト,北海道,625,15512
2025-09-26,トマト,千葉,596,23520
2025-09-26,トマト,岐阜,661,12874
2025-09-26,トマト,福島,779,17756
2025-09-26,トマト,総計,706,123042
2025-09-26,トマト,群馬,638,16830
2025-09-27,トマト,北海道,802,30274
2025-09-27,トマト,千葉,612,23891
2025-09-27,トマト,福島,777,23324
2025-09-27,トマト,総計,728,143257
2025-09-27,トマト,群馬,650,17491
2025-09-27,トマト,青森,742,9160
2025-09-29,トマト,北海道,730,25028
2025-09-29,トマト,千葉,649,31009
2025-09-29,トマト,岐阜,741,20339
2025-09-29,トマト,福島,764,29348
2025-09-29,トマト,総計,717,196359
2025-09-29,トマト,群馬,661,30516
2025-09-30,トマト,北海道,765,25079
2025-09-30,トマト,千葉,632,21518
2025-09-30,トマト,福島,764,15813
2025-09-30,トマト,総計,725,129538
2025-09-30,トマト,群馬,658,14846
2025-09-30,トマト,青森,712,14650
2025-10-02,トマト,北海道,833,38370
2025-10-02,トマト,千葉,641,29573
2025-10-02,トマト,福島,767,44310
2025-10-02,トマト,総計,755,220612
2025-10-02,トマト,群馬,674,28619
2025-10-02,トマト,青森,780,16526
2025-10-03,トマト,北海道,719,33167
2025-10-03,トマト,千葉,642,19072
2025-10-03,トマト,福島,757,26801
2025-10-03,トマト,総計,729,137235
2025-10-03,トマト,群馬,655,14126
2025-10-03,トマト,青森,742,12355
2025-10-04,トマト,北海道,909,29453
2025-10-04,トマト,千葉,630,26741
2025-10-04,トマト,福島,772,24399
2025-10-04,トマト,総計,773,155455
2025-10-04,トマト,群馬,675,18027
2025-10-04,トマト,青森,729,10544
2025-10-06,トマト,北海道,743,35990
2025-10-06,トマト,千葉,641,29663
2025-10-06,トマト,福島,760,40363
2025-10-06,トマト,総計,725,205898
2025-10-06,トマト,群馬,676,25113
2025-10-06,トマト,青森,724,19681
2025-10-07,トマト,北海道,793,24025
2025-10-07,トマト,千葉,655,23175
2025-10-07,トマト,福島,768,25253
2025-10-07,トマト,総計,751,133042
2025-10-07,トマト,群馬,672,15028
2025-10-07,トマト,青森,714,13288
2025-10-09,トマト,北海道,766,42892
2025-10-09,トマト,千葉,615,35884
2025-10-09,トマト,福島,766,41549
2025-10-09,トマト,総計,735,232754
2025-10-09,トマト,群馬,682,22378
2025-10-09,トマト,青森,796,17621
2025-10-10,トマト,北海道,590,14169
2025-10-10,トマト,千葉,644,29493
2025-10-10,トマト,岩手,661,10306
2025-10-10,トマト,福島,761,19447
2025-10-10,トマト,総計,712,119895
2025-10-10,トマト,青森,739,10071
2025-10-11,トマト,北海道,748,37399
2025-10-11,トマト,千葉,660,28870
2025-10-11,トマト,熊本,853,14454
2025-10-11,トマト,福島,761,19868
2025-10-11,トマト,総計,743,173601
2025-10-11,トマト,青森,703,15758
2025-10-14,トマト,北海道,735,44485
2025-10-14,トマト,千葉,613,51566
2025-10-14,トマト,福島,750,43042
2025-10-14,トマト,総計,697,293466
2025-10-14,トマト,群馬,668,27062
2025-10-14,トマト,青森,669,22335
2025-10-16,トマト,北海道,696,34442
2025-10-16,トマト,千葉,614,37202
2025-10-16,トマト,愛知,639,19206
2025-10-16,トマト,熊本,777,22309
2025-10-16,トマト,福島,743,26841
2025-10-16,トマト,総計,704,223364
2025-10-17,トマト,北海道,665,9788
2025-10-17,トマト,千葉,587,25493
2025-10-17,トマト,愛知,657,8158
2025-10-17,トマト,熊本,762,5077
2025-10-17,トマト,総計,736,76091
2025-10-17,トマト,青森,682,6426
2025-10-18,トマト,北海道,797,19937
2025-10-18,トマト,千葉,583,33102
2025-10-18,トマト,福島,713,32084
2025-10-18,トマト,総計,690,180220
2025-10-18,トマト,群馬,631,16957
2025-10-18,トマト,青森,617,16332
2025-10-20,トマト,北海道,640,24229
2025-10-20,トマト,千葉,558,35751
2025-10-20,トマト,愛知,663,17078
2025-10-20,トマト,熊本,632,27538
2025-10-20,トマト,福島,704,20547
2025-10-20,トマト,総計,657,181618
2025-10-21,トマト,北海道,748,12838
2025-10-21,トマト,千葉,576,29632
2025-10-21,トマト,愛知,675,10107
2025-10-21,トマト,栃木,749,9103
2025-10-21,トマト,総計,683,100929
2025-10-21,トマト,青森,658,9761
2025-10-23,トマト,北海道,627,27616
2025-10-23,トマト,千葉,541,32548
2025-10-23,トマト,愛知,661,22449
2025-10-23,トマト,熊本,587,40914
2025-10-23,トマト,福島,688,23899
2025-10-23,トマト,総計,643,213593
2025-10-24,トマト,北海道,514,18142
2025-10-24,トマト,千葉,599,20726
2025-10-24,トマト,愛知,574,5992
2025-10-24,トマト,熊本,560,11868
2025-10-24,トマト,福島,676,14132
2025-10-24,トマト,総計,640,89580
2025-10-25,トマト,北海道,657,18293
2025-10-25,トマト,千葉,525,25218
2025-10-25,トマト,熊本,575,26101
2025-10-25,トマト,総計,643,144784
2025-10-25,トマト,群馬,583,12695
2025-10-25,トマト,青森,637,13588
2025-10-27,トマト,北海道,548,21019
2025-10-27,トマト,千葉,539,25098
2025-10-27,トマト,愛知,654,15869
2025-10-27,トマト,熊本,542,25012
2025-10-27,トマト,福島,580,11731
2025-10-27,トマト,総計,605,139504
2025-10-28,トマト,北海道,805,7207
2025-10-28,トマト,千葉,559,16140
2025-10-28,トマト,愛知,636,6533
2025-10-28,トマト,栃木,681,9852
2025-10-28,トマト,福島,590,14960
2025-10-28,トマト,総計,704,81191
2025-10-30,トマト,北海道,606,15611
2025-10-30,トマト,千葉,590,26095
2025-10-30,トマト,愛知,655,14578
2025-10-30,トマト,熊本,579,29920
2025-10-30,トマト,総計,656,149305
2025-10-30,トマト,青森,610,11019
2025-10-31,トマト,千葉,638,14241
2025-10-31,トマト,愛知,701,4285
2025-10-31,トマト,熊本,731,11708
2025-10-31,トマト,総計,822,47836
2025-10-31,トマト,青森,662,4121
2025-10-31,トマト,静岡,1688,3422
2025-11-01,トマト,北海道,653,13270
2025-11-01,トマト,千葉,665,14809
2025-11-01,トマト,愛知,734,11280
2025-11-01,トマト,栃木,740,13298
2025-11-01,トマト,熊本,700,15825
2025-11-01,トマト,総計,730,120544
2025-11-04,トマト,北海道,725,24426
2025-11-04,トマト,千葉,720,34017
2025-11-04,トマト,愛知,809,15558
2025-11-04,トマト,栃木,817,13159
2025-11-04,トマト,熊本,856,25711
2025-11-04,トマト,総計,801,171513
2025-11-06,トマト,北海道,957,19118
2025-11-06,トマト,千葉,936,23027
2025-11-06,トマト,栃木,980,13394
2025-11-06,トマト,熊本,1316,27879
2025-11-06,トマト,総計,1116,149210
2025-11-06,トマト,青森,872,12927
2025-11-07,トマト,北海道,1254,7529
2025-11-07,トマト,千葉,934,11492
2025-11-07,トマト,愛知,1179,7441
2025-11-07,トマト,熊本,2189,8422
2025-11-07,トマト,総計,1615,59973
2025-11-07,トマト,静岡,1891,5392
2025-11-08,トマト,千葉,921,18198
2025-11-08,トマト,愛知,1252,8865
2025-11-08,トマト,栃木,1006,16059
2025-11-08,トマト,熊本,1518,15141
2025-11-08,トマト,福島,1023,9341
2025-11-08,トマト,総計,1172,107752
2025-11-10,トマト,北海道,820,19735
2025-11-10,トマト,千葉,987,19106
2025-11-10,トマト,岩手,741,8511
2025-11-10,トマト,愛知,1256,13649
2025-11-10,トマト,熊本,1176,16779
2025-11-10,トマト,総計,1066,112171
2025-11-11,トマト,千葉,1139,16195
2025-11-11,トマト,愛知,1391,8195
2025-11-11,トマト,栃木,1046,11828
2025-11-11,トマト,総計,1235,65923
2025-11-11,トマト,群馬,831,6014
2025-11-11,トマト,青森,1384,6889
2025-11-13,トマト,北海道,991,10433
2025-11-13,トマト,千葉,1069,21330
2025-11-13,トマト,愛知,1288,17846
2025-11-13,トマト,栃木,1049,16707
2025-11-13,トマト,熊本,1141,22686
2025-11-13,トマト,総計,1068,137071
2025-11-14,トマト,千葉,1039,10361
2025-11-14,トマト,愛知,1241,4435
2025-11-14,トマト,栃木,993,5857
2025-11-14,トマト,熊本,1096,8680
2025-11-14,トマト,総計,1148,44957
2025-11-14,トマト,静岡,1717,3991
2025-11-15,トマト,千葉,970,17969
2025-11-15,トマト,愛知,1222,14357
2025-11-15,トマト,栃木,1029,18759
2025-11-15,トマト,熊本,954,16648
2025-11-15,トマト,総計,1024,105803
2025-11-15,トマト,群馬,776,9905
2025-11-17,トマト,北海道,1056,8615
2025-11-17,トマト,千葉,933,13708
2025-11-17,トマト,愛知,1134,17232
2025-11-17,トマト,栃木,947,10249
2025-11-17,トマト,熊本,938,23593
2025-11-17,トマト,総計,992,100092
2025-11-18,トマト,千葉,954,13526
2025-11-18,トマト,愛知,1109,10659
2025-11-18,トマト,栃木,979,15459
2025-11-18,トマト,総計,997,75390
2025-11-18,トマト,群馬,804,5509
2025-11-18,トマト,青森,866,8597
2025-11-20,トマト,千葉,930,19777
2025-11-20,トマト,岩手,684,9533
2025-11-20,トマト,愛知,1090,24621
2025-11-20,トマト,栃木,990,23546
2025-11-20,トマト,熊本,969,29005
2025-11-20,トマト,総計,980,140495
2025-11-21,トマト,千葉,920,11028
2025-11-21,トマト,愛知,1078,14585
2025-11-21,トマト,栃木,995,11868
2025-11-21,トマト,熊本,965,14137
2025-11-21,トマト,総計,1039,68807
2025-11-21,トマト,静岡,1778,4559
2025-11-22,トマト,千葉,876,13657
2025-11-22,トマト,愛知,1039,22619
2025-11-22,トマト,栃木,983,23530
2025-11-22,トマト,熊本,858,20845
2025-11-22,トマト,総計,984,109604
2025-11-22,トマト,静岡,1746,6769
2025-11-25,トマト,千葉,802,24762
2025-11-25,トマト,愛知,880,32914
2025-11-25,トマト,栃木,844,36662
2025-11-25,トマト,熊本,805,39896
2025-11-25,トマト,総計,856,177010
2025-11-25,トマト,静岡,1716,5880
2025-11-26,トマト,千葉,770,6858
2025-11-26,トマト,愛知,891,11994
2025-11-26,トマト,栃木,809,7930
2025-11-26,トマト,熊本,856,13520
2025-11-26,トマト,総計,981,52298
2025-11-26,トマト,静岡,1765,6486
2025-11-27,トマト,千葉,744,10870
2025-11-27,トマト,愛知,820,22819
2025-11-27,トマト,栃木,779,22808
2025-11-27,トマト,熊本,743,25031
2025-11-27,トマト,総計,848,114509
2025-11-27,トマト,静岡,1671,7687
2025-11-28,トマト,千葉,744,11415
2025-11-28,トマト,愛知,838,14125
2025-11-28,トマト,栃木,751,12396
2025-11-28,トマト,熊本,729,14833
2025-11-28,トマト,総計,856,67207
2025-11-28,トマト,静岡,1678,5914
2025-11-29,トマト,千葉,689,19247
2025-11-29,トマト,愛知,783,24414
2025-11-29,トマト,栃木,756,24418
2025-11-29,トマト,熊本,695,20546
2025-11-29,トマト,総計,798,124203
2025-11-29,トマト,静岡,1479,8147
2025-12-01,トマト,千葉,608,16358
2025-12-01,トマト,岩手,519,5506
2025-12-01,トマト,愛知,685,35918
2025-12-01,トマト,栃木,625,16940
2025-12-01,トマト,熊本,646,42122
2025-12-01,トマト,総計,696,142076
2025-12-02,トマト,千葉,615,16040
2025-12-02,トマト,愛知,699,15842
2025-12-02,トマト,栃木,651,24105
2025-12-02,トマト,熊本,626,5586
2025-12-02,トマト,総計,753,83335
2025-12-02,トマト,静岡,1299,7186
2025-12-04,トマト,千葉,610,16814
2025-12-04,トマト,愛知,662,42136
2025-12-04,トマト,栃木,626,30453
2025-12-04,トマト,熊本,639,49014
2025-12-04,トマト,総計,681,170921
2025-12-05,トマト,千葉,564,8731
2025-12-05,トマト,愛知,609,14012
2025-12-05,トマト,栃木,622,15076
2025-12-05,トマト,熊本,622,17787
2025-12-05,トマト,総計,687,78068
2025-12-05,トマト,静岡,1213,6075
2025-12-06,トマト,千葉,547,17554
2025-12-06,トマト,愛知,633,27029
2025-12-06,トマト,栃木,604,27488
2025-12-06,トマト,熊本,596,25799
2025-12-06,トマト,総計,656,128149
2025-12-06,トマト,静岡,994,10502
2025-12-08,トマト,千葉,581,13233
2025-12-08,トマト,愛知,634,29500
2025-12-08,トマト,栃木,582,17348
2025-12-08,トマト,熊本,586,44854
2025-12-08,トマト,総計,641,131360
2025-12-08,トマト,静岡,1191,5667
2025-12-09,トマト,千葉,586,16383
2025-12-09,トマト,愛知,606,22589
2025-12-09,トマト,栃木,615,28043
2025-12-09,トマト,熊本,559,5739
2025-12-09,トマト,総計,673,94769
2025-12-09,トマト,静岡,986,8468
2025-12-11,トマト,千葉,592,14000
2025-12-11,トマト,愛知,630,33783
2025-12-11,トマト,栃木,593,35604
2025-12-11,トマト,熊本,583,54605
2025-12-11,トマト,総計,639,167630
2025-12-12,トマト,千葉,574,8861
2025-12-12,トマト,愛知,605,20243
2025-12-12,トマト,栃木,588,24195
2025-12-12,トマト,熊本,562,21970
2025-12-12,トマト,総計,643,94032
2025-12-13,トマト,千葉,618,8806
2025-12-13,トマト,愛知,587,26832
2025-12-13,トマト,栃木,578,37051
2025-12-13,トマト,熊本,571,33045
2025-12-13,トマト,総計,630,135497
2025-12-13,トマト,静岡,940,10531
2025-12-15,トマト,千葉,519,8897
2025-12-15,トマト,愛知,595,28763
2025-12-15,トマト,栃木,555,25237
2025-12-15,トマト,熊本,537,53080
2025-12-15,トマト,総計,593,137074
2025-12-16,トマト,千葉,572,8549
2025-12-16,トマト,愛知,570,22404
2025-12-16,トマト,栃木,563,38725
2025-12-16,トマト,総計,621,97678
2025-12-16,トマト,静岡,886,9233
2025-12-18,トマト,千葉,570,9525
2025-12-18,トマト,愛知,601,31687
2025-12-18,トマト,栃木,550,37415
2025-12-18,トマト,熊本,542,45804
2025-12-18,トマト,総計,606,150666
2025-12-19,トマト,愛知,560,20906
2025-12-19,トマト,栃木,534,31945
2025-12-19,トマト,熊本,538,22123
2025-12-19,トマト,総計,598,98948
2025-12-19,トマト,静岡,1086,7393
2025-12-20,トマト,千葉,585,9662
2025-12-20,トマト,愛知,584,21042
2025-12-20,トマト,栃木,546,38029
2025-12-20,トマト,熊本,539,25625
2025-12-20,トマト,総計,619,123547
2025-12-20,トマト,静岡,920,10671
2025-12-22,トマト,愛知,606,29862
2025-12-22,トマト,栃木,535,31952
2025-12-22,トマト,熊本,548,47866
2025-12-22,トマト,総計,602,139484
2025-12-22,トマト,静岡,1053,7658
2025-12-23,トマト,愛知,584,22907
2025-12-23,トマト,栃木,553,38994
2025-12-23,トマト,熊本,540,13960
2025-12-23,トマト,総計,616,104705
2025-12-23,トマト,静岡,925,9281
2025-12-25,トマト,愛知,633,31015
2025-12-25,トマト,栃木,553,48818
2025-12-25,トマト,熊本,599,59558
2025-12-25,トマト,総計,632,184743
2025-12-25,トマト,静岡,909,15024
2025-12-26,トマト,愛知,586,18831
2025-12-26,トマト,栃木,548,26814
2025-12-26,トマト,熊本,555,33941
2025-12-26,トマト,総計,623,106824
2025-12-26,トマト,静岡,1044,8907
2025-12-27,トマト,愛知,617,26076
2025-12-27,トマト,栃木,559,38553
2025-12-27,トマト,熊本,560,26139
2025-12-27,トマト,総計,636,125624
2025-12-27,トマト,静岡,926,10505
2025-12-28,トマト,愛知,606,16203
2025-12-28,トマト,栃木,548,16985
2025-12-28,トマト,熊本,627,36647
2025-12-28,トマト,総計,652,88913
2025-12-28,トマト,静岡,895,9850
2025-12-29,トマト,愛知,624,27217
2025-12-29,トマト,栃木,562,26704
2025-12-29,トマト,熊本,627,54097
2025-12-29,トマト,総計,648,144430
2025-12-29,トマト,静岡,907,11703
2026-01-05,トマト,千葉,526,31140
2026-01-05,トマト,愛知,523,90371
2026-01-05,トマト,栃木,497,129011
2026-01-05,トマト,熊本,506,140659
2026-01-05,トマト,総計,539,474729
2026-01-06,トマト,千葉,514,13058
2026-01-06,トマト,愛知,499,39365
2026-01-06,トマト,栃木,451,46536
2026-01-06,トマト,熊本,495,54446
2026-01-06,トマト,総計,526,193633
2026-01-06,トマト,静岡,970,11347
2026-01-08,トマト,愛知,553,37527
2026-01-08,トマト,栃木,436,59710
2026-01-08,トマト,熊本,451,97176
2026-01-08,トマト,総計,516,259295
2026-01-08,トマト,静岡,870,18783
2026-01-09,トマト,愛知,520,30492
2026-01-09,トマト,栃木,432,30778
2026-01-09,トマト,熊本,451,53617
2026-01-09,トマト,総計,516,142610
2026-01-10,トマト,愛知,515,31397
2026-01-10,トマト,栃木,429,50629
2026-01-10,トマト,熊本,434,54622
2026-01-10,トマト,総計,501,184849
2026-01-10,トマト,静岡,785,14449
2026-01-13,トマト,千葉,439,16302
2026-01-13,トマト,愛知,497,53116
2026-01-13,トマト,栃木,413,74090
2026-01-13,トマト,熊本,394,161499
2026-01-13,トマト,総計,450,361503
2026-01-15,トマト,愛知,474,34428
2026-01-15,トマト,栃木,409,53310
2026-01-15,トマト,熊本,375,89410
2026-01-15,トマト,総計,452,237027
2026-01-15,トマト,静岡,721,18775
2026-01-16,トマト,愛知,512,24499
2026-01-16,トマト,栃木,404,37800
2026-01-16,トマト,熊本,369,58135
2026-01-16,トマト,総計,477,159141
2026-01-16,トマト,静岡,948,12730
2026-01-17,トマト,愛知,486,28493
2026-01-17,トマト,栃木,396,56027
2026-01-17,トマト,熊本,386,49179
2026-01-17,トマト,総計,463,179780
2026-01-17,トマト,静岡,816,12040
2026-01-19,トマト,愛知,470,32856
2026-01-19,トマト,栃木,363,45455
2026-01-19,トマト,熊本,362,108740
2026-01-19,トマト,総計,415,230812
2026-01-20,トマト,愛知,411,23413
2026-01-20,トマト,栃木,388,40194
2026-01-20,トマト,熊本,360,57241
2026-01-20,トマト,総計,424,162831
2026-01-20,トマト,静岡,755,10891
2026-01-22,トマト,愛知,486,38304
2026-01-22,トマト,栃木,369,50296
2026-01-22,トマト,熊本,353,94599
2026-01-22,トマト,総計,421,239098
2026-01-22,トマト,静岡,724,10259
2026-01-23,トマト,愛知,466,24273
2026-01-23,トマト,栃木,370,34541
2026-01-23,トマト,熊本,365,54219
2026-01-23,トマト,総計,429,145466
2026-01-23,トマト,静岡,769,9323
2026-01-24,トマト,千葉,396,8524
2026-01-24,トマト,愛知,493,22119
2026-01-24,トマト,栃木,384,36461
2026-01-24,トマト,熊本,349,53533
2026-01-24,トマト,総計,437,157980
2026-01-24,トマト,静岡,703,10971
2026-01-26,トマト,愛知,503,30798
2026-01-26,トマト,栃木,358,49925
2026-01-26,トマト,熊本,349,93320
2026-01-26,トマト,総計,417,217231
2026-01-27,トマト,千葉,388,8735
2026-01-27,トマト,愛知,421,25523
2026-01-27,トマト,栃木,376,35885
2026-01-27,トマト,熊本,341,44895
2026-01-27,トマト,総計,420,149306
2026-01-27,トマト,静岡,745,10015
2026-01-29,トマト,愛知,510,34917
2026-01-29,トマト,栃木,358,59511
2026-01-29,トマト,熊本,350,88573
2026-01-29,トマト,総計,418,230814
2026-01-29,トマト,静岡,827,9013
2026-01-30,トマト,愛知,464,23212
2026-01-30,トマト,栃木,361,33218
2026-01-30,トマト,熊本,350,55774
2026-01-30,トマト,総計,420,144705
2026-01-30,トマト,静岡,780,9204
2026-01-31,トマト,千葉,391,8063
2026-01-31,トマト,愛知,456,24384
2026-01-31,トマト,栃木,371,39552
2026-01-31,トマト,熊本,348,51491
2026-01-31,トマト,総計,426,158562
2026-01-31,トマト,静岡,688,11022
2026-02-02,トマト,愛知,509,29059
2026-02-02,トマト,栃木,355,49441
2026-02-02,トマト,熊本,339,110419
2026-02-02,トマト,総計,402,230905
2026-02-03,トマト,千葉,392,7831
2026-02-03,トマト,愛知,443,22697
2026-02-03,トマト,栃木,369,39459
2026-02-03,トマト,熊本,351,16735
2026-02-03,トマト,総計,437,118893
2026-02-03,トマト,静岡,719,9777
2026-02-05,トマト,千葉,387,10247
2026-02-05,トマト,愛知,492,33988
2026-02-05,トマト,栃木,359,63458
2026-02-05,トマト,熊本,339,98765
2026-02-05,トマト,総計,406,251829
2026-02-06,トマト,愛知,458,24713
2026-02-06,トマト,栃木,355,42845
2026-02-06,トマト,熊本,342,47412
2026-02-06,トマト,総計,416,145827
2026-02-06,トマト,静岡,795,8403
2026-02-07,トマト,千葉,400,7149
2026-02-07,トマト,愛知,477,22945
2026-02-07,トマト,栃木,364,49413
2026-02-07,トマト,熊本,345,50163
2026-02-07,トマト,総計,425,172736
2026-02-07,トマト,静岡,667,12138
2026-02-09,トマト,愛知,505,19548
2026-02-09,トマト,栃木,363,44026
2026-02-09,トマト,熊本,344,92708
2026-02-09,トマト,総計,394,189206
2026-02-10,トマト,愛知,450,32041
2026-02-10,トマト,栃木,376,33982
2026-02-10,トマト,熊本,392,13653
2026-02-10,トマト,総計,463,131152
2026-02-10,トマト,茨城,467,6760
2026-02-10,トマト,静岡,746,13953
2026-02-12,トマト,愛知,502,30386
2026-02-12,トマト,栃木,363,56288
2026-02-12,トマト,熊本,352,83234
2026-02-12,トマト,総計,427,221756
2026-02-12,トマト,静岡,892,10427
2026-02-13,トマト,愛知,461,20442
2026-02-13,トマト,栃木,364,37215
2026-02-13,トマト,熊本,359,50915
2026-02-13,トマト,総計,433,139833
2026-02-13,トマト,静岡,817,8744
2026-02-14,トマト,千葉,387,7167
2026-02-14,トマト,愛知,486,20665
2026-02-14,トマト,栃木,382,36866
2026-02-14,トマト,熊本,361,49873
2026-02-14,トマト,総計,445,153188
2026-02-14,トマト,静岡,766,10243
2026-02-16,トマト,愛知,500,25468
2026-02-16,トマト,栃木,367,56083
2026-02-16,トマト,熊本,362,89201
2026-02-16,トマト,総計,420,215335
2026-02-16,トマト,静岡,853,6843
2026-02-17,トマト,千葉,402,8333
2026-02-17,トマト,愛知,453,22999
2026-02-17,トマト,栃木,382,43730
2026-02-17,トマト,熊本,369,15686
2026-02-17,トマト,総計,452,123204
2026-02-17,トマト,静岡,779,9065
2026-02-19,トマト,愛知,505,31489
2026-02-19,トマト,栃木,381,65688
2026-02-19,トマト,熊本,358,92930
2026-02-19,トマト,総計,432,249116
2026-02-19,トマト,静岡,840,9387
2026-02-20,トマト,愛知,467,22771
2026-02-20,トマト,栃木,378,45560
2026-02-20,トマト,熊本,374,35286
2026-02-20,トマト,総計,453,134519
2026-02-20,トマト,静岡,822,8583
2026-02-21,トマト,千葉,417,7531
2026-02-21,トマト,愛知,479,23103
2026-02-21,トマト,栃木,387,48402
2026-02-21,トマト,熊本,387,39481
2026-02-21,トマト,総計,464,170247
2026-02-21,トマト,静岡,802,11216
2026-02-24,トマト,千葉,380,18900
2026-02-24,トマト,愛知,451,51346
2026-02-24,トマト,栃木,381,98986
2026-02-24,トマト,熊本,376,125533
2026-02-24,トマト,総計,425,367043
2026-02-26,トマト,愛知,489,29327
2026-02-26,トマト,栃木,376,81017
2026-02-26,トマト,熊本,368,104239
2026-02-26,トマト,総計,434,286595
2026-02-26,トマト,茨城,709,11243
2026-02-26,トマト,静岡,879,11147
2026-02-27,トマト,愛知,485,28809
2026-02-27,トマト,栃木,374,53390
2026-02-27,トマト,熊本,373,56315
2026-02-27,トマト,総計,475,184382
2026-02-27,トマト,静岡,954,13576
2026-02-28,トマト,千葉,427,7099
2026-02-28,トマト,愛知,500,22718
2026-02-28,トマト,栃木,387,52367
2026-02-28,トマト,熊本,369,58176
2026-02-28,トマト,総計,456,183967
2026-02-28,トマト,静岡,788,10626
2026-03-02,トマト,愛知,470,33392
2026-03-02,トマト,栃木,369,44771
2026-03-02,トマト,熊本,365,99085
2026-03-02,トマト,総計,430,235080
2026-03-02,トマト,群馬,456,7655
2026-03-02,トマト,静岡,910,7587
2026-03-03,トマト,千葉,396,9246
2026-03-03,トマト,愛知,434,32103
2026-03-03,トマト,栃木,379,51693
2026-03-03,トマト,熊本,381,24717
2026-03-03,トマト,総計,453,158247
2026-03-03,トマト,静岡,756,9728
2026-03-05,トマト,愛知,494,34584
2026-03-05,トマト,栃木,356,94321
2026-03-05,トマト,熊本,360,123849
2026-03-05,トマト,総計,417,328669
2026-03-05,トマト,静岡,832,11110
2026-03-06,トマト,愛知,435,28443
2026-03-06,トマト,栃木,367,41040
2026-03-06,トマト,熊本,363,59648
2026-03-06,トマト,総計,433,164365
2026-03-06,トマト,静岡,883,8255
2026-03-07,トマト,千葉,384,11099
2026-03-07,トマト,愛知,455,35035
2026-03-07,トマト,栃木,380,50273
2026-03-07,トマト,熊本,359,59982
2026-03-07,トマト,総計,444,205787
2026-03-07,トマト,静岡,782,13720
2026-03-09,トマト,千葉,366,10942
2026-03-09,トマト,愛知,455,42498
2026-03-09,トマト,栃木,360,65207
2026-03-09,トマト,熊本,352,102199
2026-03-09,トマト,総計,416,263708
2026-03-10,トマト,愛知,425,27457
2026-03-10,トマト,栃木,372,50873
2026-03-10,トマト,熊本,363,18086
2026-03-10,トマト,総計,446,151252
2026-03-10,トマト,茨城,619,8767
2026-03-10,トマト,静岡,779,10189
2026-03-12,トマト,愛知,497,37054
2026-03-12,トマト,栃木,369,80565
2026-03-12,トマト,熊本,360,98643
2026-03-12,トマト,総計,431,282630
2026-03-12,トマト,静岡,873,10867
2026-03-13,トマト,愛知,457,28900
2026-03-13,トマト,栃木,366,41157
2026-03-13,トマト,熊本,372,41005
2026-03-13,トマト,総計,444,151003
2026-03-13,トマト,茨城,580,7483
2026-03-13,トマト,静岡,900,8031
2026-03-14,トマト,千葉,389,10433
2026-03-14,トマト,愛知,453,30587
2026-03-14,トマト,栃木,376,53024
2026-03-14,トマト,熊本,359,56865
2026-03-14,トマト,総計,445,205419
2026-03-14,トマト,静岡,758,13920
2026-03-16,トマト,愛知,472,35868
2026-03-16,トマト,栃木,360,68841
2026-03-16,トマト,熊本,361,92318
2026-03-16,トマト,総計,416,250985
2026-03-16,トマト,群馬,421,8562
2026-03-17,トマト,愛知,461,22016
2026-03-17,トマト,栃木,375,53005
2026-03-17,トマト,熊本,357,21107
2026-03-17,トマト,総計,445,147159
2026-03-17,トマト,茨城,585,8437
2026-03-17,トマト,静岡,744,9551
2026-03-19,トマト,千葉,381,11894
2026-03-19,トマト,愛知,481,45666
2026-03-19,トマト,栃木,364,88652
2026-03-19,トマト,熊本,361,112904
2026-03-19,トマト,総計,417,323670
2026-03-21,トマト,千葉,373,17980
2026-03-21,トマト,愛知,453,40377
2026-03-21,トマト,栃木,367,94977
2026-03-21,トマト,熊本,366,96340
2026-03-21,トマト,総計,425,319018
2026-03-21,トマト,静岡,722,16547
2026-03-23,トマト,愛知,484,28329
2026-03-23,トマト,栃木,361,65683
2026-03-23,トマト,熊本,365,103235
2026-03-23,トマト,福岡,363,8637
2026-03-23,トマト,総計,418,256726
2026-03-24,トマト,愛知,454,18499
2026-03-24,トマト,栃木,374,54840
2026-03-24,トマト,熊本,376,34514
2026-03-24,トマト,総計,440,155559
2026-03-24,トマト,茨城,581,7812
2026-03-24,トマト,静岡,776,8176
2026-03-26,トマト,千葉,365,14321
2026-03-26,トマト,愛知,550,25974
2026-03-26,トマト,栃木,369,81125
2026-03-26,トマト,熊本,368,99849
2026-03-26,トマト,総計,427,278019
2026-03-26,トマト,静岡,842,9237
2026-03-27,トマト,愛知,487,24996
2026-03-27,トマト,栃木,367,38916
2026-03-27,トマト,熊本,374,48200
2026-03-27,トマト,総計,448,153214
2026-03-27,トマト,茨城,622,5346
2026-03-27,トマト,静岡,881,7235
2026-03-28,トマト,千葉,377,9626
2026-03-28,トマト,愛知,495,24072
2026-03-28,トマト,栃木,382,46987
2026-03-28,トマト,熊本,376,52016
2026-03-28,トマト,総計,446,177206
2026-03-28,トマト,静岡,764,8810
2026-03-30,トマト,千葉,366,9588
2026-03-30,トマト,愛知,492,27997
2026-03-30,トマト,栃木,370,62725
2026-03-30,トマト,熊本,375,89668
2026-03-30,トマト,総計,427,234339
2026-03-31,トマト,千葉,392,11469
2026-03-31,トマト,愛知,449,17994
2026-03-31,トマト,栃木,385,57667
2026-03-31,トマト,熊本,380,20961
2026-03-31,トマト,総計,444,145159
2026-03-31,トマト,静岡,742,8351
2026-04-02,トマト,千葉,378,13872
2026-04-02,トマト,埼玉,396,11336
2026-04-02,トマト,愛知,519,29576
2026-04-02,トマト,栃木,378,88299
2026-04-02,トマト,熊本,384,96113
2026-04-02,トマト,総計,432,292786
2026-04-03,トマト,千葉,373,8057
2026-04-03,トマト,愛知,474,19301
2026-04-03,トマト,栃木,378,42456
2026-04-03,トマト,熊本,387,50205
2026-04-03,トマト,総計,444,154068
2026-04-03,トマト,静岡,817,7425
2026-04-04,トマト,千葉,388,10594
2026-04-04,トマト,愛知,473,22216
2026-04-04,トマト,栃木,389,50648
2026-04-04,トマト,熊本,393,45092
2026-04-04,トマト,総計,454,176441
2026-04-04,トマト,静岡,727,9463
2026-04-06,トマト,千葉,376,10412
2026-04-06,トマト,愛知,442,32868
2026-04-06,トマト,栃木,382,60048
2026-04-06,トマト,熊本,392,94023
2026-04-06,トマト,総計,433,243218
2026-04-07,トマト,千葉,390,12080
2026-04-07,トマト,愛知,454,21936
2026-04-07,トマト,栃木,391,50833
2026-04-07,トマト,熊本,391,42610
2026-04-07,トマト,総計,444,175810
2026-04-07,トマト,静岡,657,9751
2026-04-09,トマト,千葉,388,12838
2026-04-09,トマト,埼玉,392,10560
2026-04-09,トマト,愛知,507,35356
2026-04-09,トマト,栃木,382,87870
2026-04-09,トマト,熊本,386,110343
2026-04-09,トマト,総計,434,313003
2026-04-10,トマト,千葉,382,7488
2026-04-10,トマト,愛知,427,20871
2026-04-10,トマト,栃木,371,37690
2026-04-10,トマト,熊本,386,62219
2026-04-10,トマト,総計,436,163358
2026-04-10,トマト,静岡,792,7489
2026-04-11,トマト,千葉,379,12710
2026-04-11,トマト,愛知,422,26573
2026-04-11,トマト,栃木,380,56228
2026-04-11,トマト,熊本,391,62445
2026-04-11,トマト,総計,442,209074
2026-04-11,トマト,静岡,716,12074
2026-04-13,トマト,千葉,369,12209
2026-04-13,トマト,愛知,469,33457
2026-04-13,トマト,栃木,369,75912
2026-04-13,トマト,熊本,378,107834
2026-04-13,トマト,総計,420,289311
2026-04-13,トマト,茨城,553,11173
2026-04-14,トマト,千葉,378,12965
2026-04-14,トマト,愛知,451,19938
2026-04-14,トマト,栃木,379,54775
2026-04-14,トマト,熊本,383,45065
2026-04-14,トマト,総計,437,183490
2026-04-14,トマト,静岡,700,10718
2026-04-16,トマト,千葉,363,20331
2026-04-16,トマト,愛知,489,42137
2026-04-16,トマト,栃木,363,102112
2026-04-16,トマト,熊本,375,117369
2026-04-16,トマト,総計,420,355256
2026-04-16,トマト,茨城,593,11742
2026-04-17,トマト,愛知,401,25793
2026-04-17,トマト,栃木,357,65438
2026-04-17,トマト,熊本,375,61291
2026-04-17,トマト,総計,417,202165
2026-04-17,トマト,茨城,680,6636
2026-04-17,トマト,静岡,757,8609
2026-04-18,トマト,千葉,347,15646
2026-04-18,トマト,愛知,440,27726
2026-04-18,トマト,栃木,365,77573
2026-04-18,トマト,熊本,362,63795
2026-04-18,トマト,総計,424,244519
2026-04-18,トマト,静岡,722,12650
2026-04-20,トマト,千葉,340,14176
2026-04-20,トマト,愛知,458,35248
2026-04-20,トマト,栃木,350,101291
2026-04-20,トマト,熊本,352,115225
2026-04-20,トマト,総計,400,330028
2026-04-21,トマト,千葉,352,15415
2026-04-21,トマト,愛知,434,22443
2026-04-21,トマト,栃木,362,70998
2026-04-21,トマト,熊本,353,52932
2026-04-21,トマト,総計,406,217892
2026-04-21,トマト,茨城,592,11164
2026-04-23,トマト,千葉,344,17033
2026-04-23,トマト,埼玉,341,13826
2026-04-23,トマト,愛知,469,47911
2026-04-23,トマト,栃木,338,127539
2026-04-23,トマト,熊本,344,110569
2026-04-23,トマト,総計,394,382311
2026-04-24,トマト,千葉,331,14664
2026-04-24,トマト,愛知,396,24879
2026-04-24,トマト,栃木,337,57038
2026-04-24,トマト,熊本,354,56303
2026-04-24,トマト,総計,403,197219
2026-04-24,トマト,静岡,849,8835
2026-04-25,トマト,千葉,343,16700
2026-04-25,トマト,愛知,427,27561
2026-04-25,トマト,栃木,348,71505
2026-04-25,トマト,熊本,344,71841
2026-04-25,トマト,総計,406,243792
2026-04-25,トマト,静岡,729,12637
2026-04-27,トマト,千葉,338,13481
2026-04-27,トマト,埼玉,354,11722
2026-04-27,トマト,愛知,428,36422
2026-04-27,トマト,栃木,339,84557
2026-04-27,トマト,熊本,347,96657
2026-04-27,トマト,総計,390,288941
2026-04-28,トマト,千葉,345,11019
2026-04-28,トマト,愛知,408,23542
2026-04-28,トマト,栃木,345,63216
2026-04-28,トマト,熊本,342,51300
2026-04-28,トマト,総計,396,201486
2026-04-28,トマト,茨城,601,10102
2026-04-30,トマト,千葉,345,20499
2026-04-30,トマト,愛知,459,45400
2026-04-30,トマト,栃木,333,93785
2026-04-30,トマト,熊本,348,117354
2026-04-30,トマト,総計,397,354275
2026-04-30,トマト,茨城,592,14038
2026-05-01,トマト,千葉,345,10913
2026-05-01,トマト,愛知,427,21366
2026-05-01,トマト,栃木,335,47242
2026-05-01,トマト,熊本,354,55485
2026-05-01,トマト,総計,406,168012
2026-05-02,トマト,千葉,341,13218
2026-05-02,トマト,愛知,437,29002
2026-05-02,トマト,栃木,347,66620
2026-05-02,トマト,熊本,347,63037
2026-05-02,トマト,総計,405,229280
2026-05-02,トマト,静岡,710,10559
2026-05-06,トマト,千葉,340,31224
2026-05-06,トマト,愛知,397,66140
2026-05-06,トマト,栃木,334,164223
2026-05-06,トマト,熊本,334,197000
2026-05-06,トマト,総計,376,559343
2026-05-07,トマト,千葉,347,11979
2026-05-07,トマト,愛知,446,27457
2026-05-07,トマト,栃木,345,55011
2026-05-07,トマト,熊本,328,72837
2026-05-07,トマト,総計,404,219489
2026-05-07,トマト,静岡,786,10545
2026-05-08,トマト,千葉,325,13710
2026-05-08,トマト,愛知,379,24047
2026-05-08,トマト,栃木,335,45671
2026-05-08,トマト,熊本,338,65508
2026-05-08,トマト,総計,391,189297
2026-05-08,トマト,静岡,759,10772
2026-05-09,トマト,千葉,338,17783
2026-05-09,トマト,愛知,385,19910
2026-05-09,トマト,栃木,345,68371
2026-05-09,トマト,熊本,329,67931
2026-05-09,トマト,総計,392,228550
2026-05-09,トマト,静岡,623,13526
2026-05-11,トマト,千葉,324,18002
2026-05-11,トマト,愛知,418,38285
2026-05-11,トマト,栃木,333,85153
2026-05-11,トマト,熊本,342,101322
2026-05-11,トマト,総計,385,301632
2026-05-12,トマト,千葉,348,15183
2026-05-12,トマト,愛知,368,26529
2026-05-12,トマト,栃木,369,62591
2026-05-12,トマト,熊本,341,50305
2026-05-12,トマト,総計,408,210180
2026-05-12,トマト,静岡,695,13133
2026-05-14,トマト,千葉,327,31069
2026-05-14,トマト,愛知,424,47795
2026-05-14,トマト,栃木,353,119608
2026-05-14,トマト,熊本,343,101488
2026-05-14,トマト,総計,393,382566
2026-05-14,トマト,茨城,525,14340
2026-05-15,トマト,千葉,328,16626
2026-05-15,トマト,愛知,377,25042
2026-05-15,トマト,栃木,337,53509
2026-05-15,トマト,熊本,349,43683
2026-05-15,トマト,総計,403,183906
2026-05-15,トマト,静岡,819,9505
2026-05-16,トマト,千葉,340,23168
2026-05-16,トマト,愛知,409,31065
2026-05-16,トマト,栃木,345,80620
2026-05-16,トマト,熊本,343,57490
2026-05-16,トマト,総計,403,252598
2026-05-16,トマト,静岡,677,15525
2026-05-18,トマト,千葉,330,23049
2026-05-18,トマト,埼玉,345,14353
2026-05-18,トマト,愛知,410,46377
2026-05-18,トマト,栃木,333,87204
2026-05-18,トマト,熊本,344,86261
2026-05-18,トマト,総計,389,318391
2026-05-19,トマト,千葉,334,23122
2026-05-19,トマト,愛知,365,24295
2026-05-19,トマト,栃木,344,74510
2026-05-19,トマト,熊本,342,41540
2026-05-19,トマト,総計,387,219543
2026-05-19,トマト,茨城,501,9772
2026-05-21,トマト,千葉,329,28682
2026-05-21,トマト,埼玉,340,12750
2026-05-21,トマト,愛知,425,55815
2026-05-21,トマト,栃木,337,98232
2026-05-21,トマト,熊本,346,102206
2026-05-21,トマト,総計,389,375742
2026-05-22,トマト,千葉,323,16282
2026-05-22,トマト,愛知,378,29810
2026-05-22,トマト,栃木,331,41886
2026-05-22,トマト,熊本,352,48917
2026-05-22,トマト,総計,402,182352
2026-05-22,トマト,静岡,799,9087
2026-05-23,トマト,千葉,332,19214
2026-05-23,トマト,愛知,391,27323
2026-05-23,トマト,栃木,351,63641
2026-05-23,トマト,熊本,353,49588
2026-05-23,トマト,総計,410,221690
2026-05-23,トマト,静岡,747,15272
2026-05-25,トマト,千葉,338,21373
2026-05-25,トマト,埼玉,352,12178
2026-05-25,トマト,愛知,396,51135
2026-05-25,トマト,栃木,339,76027
2026-05-25,トマト,熊本,354,84271
2026-05-25,トマト,総計,393,305770
2026-05-26,トマト,千葉,344,19134
2026-05-26,トマト,愛知,370,28479
2026-05-26,トマト,栃木,351,69054
2026-05-26,トマト,熊本,355,45503
2026-05-26,トマト,総計,407,225075
2026-05-26,トマト,静岡,740,12721
2026-05-28,トマト,千葉,322,38964
2026-05-28,トマト,埼玉,346,15642
2026-05-28,トマト,愛知,412,66724
2026-05-28,トマト,栃木,339,122294
2026-05-28,トマト,熊本,351,80065
2026-05-28,トマト,総計,396,404276
2026-05-29,トマト,千葉,319,19373
2026-05-29,トマト,愛知,371,31344
2026-05-29,トマト,栃木,340,48817
2026-05-29,トマト,熊本,357,38983
2026-05-29,トマト,総計,397,183974
2026-05-29,トマト,静岡,736,11781
2026-05-30,トマト,千葉,335,23886
2026-05-30,トマト,愛知,372,29511
2026-05-30,トマト,栃木,349,69476
2026-05-30,トマト,熊本,358,47428
2026-05-30,トマト,総計,407,236557
2026-05-30,トマト,静岡,708,15784
2026-06-01,トマト,千葉,320,32450
2026-06-01,トマト,愛知,393,61035
2026-06-01,トマト,栃木,346,67028
2026-06-01,トマト,熊本,345,74250
2026-06-01,トマト,総計,390,309851
2026-06-01,トマト,静岡,737,12912
2026-06-02,トマト,千葉,331,27688
2026-06-02,トマト,愛知,353,23726
2026-06-02,トマト,栃木,356,56577
2026-06-02,トマト,熊本,356,30868
2026-06-02,トマト,総計,404,201732
2026-06-02,トマト,静岡,668,13103
2026-06-04,トマト,千葉,329,39464
2026-06-04,トマト,埼玉,342,14531
2026-06-04,トマト,愛知,402,58123
2026-06-04,トマト,栃木,355,111873
2026-06-04,トマト,熊本,360,72835
2026-06-04,トマト,総計,402,371897
2026-06-05,トマト,千葉,335,31695
2026-06-05,トマト,愛知,391,28949
2026-06-05,トマト,栃木,351,49081
2026-06-05,トマト,熊本,362,39616
2026-06-05,トマト,総計,402,199208
2026-06-05,トマト,静岡,697,12862
2026-06-06,トマト,千葉,330,38668
2026-06-06,トマト,愛知,390,33001
2026-06-06,トマト,栃木,358,76802
2026-06-06,トマト,熊本,357,49281
2026-06-06,トマト,総計,417,286082
2026-06-06,トマト,静岡,724,19585
2026-06-08,トマト,北海道,469,17699
2026-06-08,トマト,千葉,326,38530
2026-06-08,トマト,愛知,394,48552
2026-06-08,トマト,栃木,346,91232
2026-06-08,トマト,熊本,354,87439
2026-06-08,トマト,総計,398,357158
2026-06-09,トマト,千葉,330,23165
2026-06-09,トマト,愛知,369,22420
2026-06-09,トマト,栃木,360,71278
2026-06-09,トマト,熊本,347,44330
2026-06-09,トマト,総計,403,229150
2026-06-09,トマト,静岡,726,12893
2026-06-11,トマト,北海道,461,26495
2026-06-11,トマト,千葉,335,35104
2026-06-11,トマト,愛知,431,48513
2026-06-11,トマト,栃木,354,89381
2026-06-11,トマト,熊本,347,76691
2026-06-11,トマト,総計,406,347238
2026-06-12,トマト,北海道,468,17081
2026-06-12,トマト,千葉,327,20120
2026-06-12,トマト,愛知,388,21462
2026-06-12,トマト,栃木,352,44763
2026-06-12,トマト,熊本,355,33395
2026-06-12,トマト,総計,409,172325
2026-06-13,トマト,千葉,345,20459
2026-06-13,トマト,愛知,393,20235
2026-06-13,トマト,栃木,367,53836
2026-06-13,トマト,熊本,354,37016
2026-06-13,トマト,総計,427,196950
2026-06-13,トマト,静岡,796,13129
2026-06-15,トマト,北海道,500,22508
2026-06-15,トマト,千葉,352,29486
2026-06-15,トマト,愛知,432,32946
2026-06-15,トマト,栃木,373,60125
2026-06-15,トマト,熊本,363,54950
2026-06-15,トマト,総計,412,254998
2026-06-16,トマト,北海道,466,22308
2026-06-16,トマト,千葉,368,21503
2026-06-16,トマト,愛知,373,17466
2026-06-16,トマト,栃木,381,48257
2026-06-16,トマト,熊本,381,30242
2026-06-16,トマト,総計,418,183997
2026-06-18,トマト,北海道,506,23063
2026-06-18,トマト,千葉,371,41127
2026-06-18,トマト,愛知,437,39911
2026-06-18,トマト,栃木,387,78257
2026-06-18,トマト,熊本,380,46880
2026-06-18,トマト,総計,430,307019
2026-06-19,トマト,北海道,463,16726
2026-06-19,トマト,千葉,370,23510
2026-06-19,トマト,愛知,388,22967
2026-06-19,トマト,栃木,380,39493
2026-06-19,トマト,熊本,380,22525
2026-06-19,トマト,総計,429,167138
2026-06-20,トマト,北海道,504,16400
2026-06-20,トマト,千葉,377,26048
2026-06-20,トマト,愛知,403,18921
2026-06-20,トマト,栃木,388,62491
2026-06-20,トマト,熊本,389,26986
2026-06-20,トマト,総計,448,212113
2026-06-22,トマト,北海道,516,29484
2026-06-22,トマト,千葉,385,32919
2026-06-22,トマト,愛知,423,35891
2026-06-22,トマト,栃木,395,67501
2026-06-22,トマト,熊本,391,36496
2026-06-22,トマト,総計,442,275617
2026-06-23,トマト,北海道,546,14371
2026-06-23,トマト,千葉,392,28546
2026-06-23,トマト,愛知,414,17370
2026-06-23,トマト,栃木,399,61345
2026-06-23,トマト,総計,449,200644
2026-06-23,トマト,静岡,732,11597
2026-06-25,トマト,北海道,503,37619
2026-06-25,トマト,千葉,380,50981
2026-06-25,トマト,愛知,410,50901
2026-06-25,トマト,栃木,386,86658
2026-06-25,トマト,熊本,390,30283
2026-06-25,トマト,総計,441,370715
2026-06-26,トマト,北海道,522,18848
2026-06-26,トマト,千葉,379,26692
2026-06-26,トマト,愛知,398,26351
2026-06-26,トマト,栃木,381,47169
2026-06-26,トマト,総計,447,191357
2026-06-26,トマト,静岡,782,13232
2026-06-27,トマト,北海道,524,20990
2026-06-27,トマト,千葉,381,27199
2026-06-27,トマト,愛知,408,22959
2026-06-27,トマト,栃木,368,61586
2026-06-27,トマト,総計,451,216975
2026-06-27,トマト,静岡,731,17686
2026-06-29,トマト,北海道,503,40951
2026-06-29,トマト,千葉,364,36829
2026-06-29,トマト,愛知,419,29706
2026-06-29,トマト,栃木,361,58475
2026-06-29,トマト,総計,442,267434
2026-06-29,トマト,静岡,740,15661
2026-06-30,トマト,北海道,515,23686
2026-06-30,トマト,千葉,368,28919
2026-06-30,トマト,愛知,404,17071
2026-06-30,トマト,栃木,378,47012
2026-06-30,トマト,総計,447,185688
2026-06-30,トマト,茨城,370,12128
2026-07-02,トマト,北海道,482,48413
2026-07-02,トマト,千葉,367,40009
2026-07-02,トマト,岩手,429,16561
2026-07-02,トマト,愛知,424,28438
2026-07-02,トマト,栃木,363,64096
2026-07-02,トマト,総計,450,292095
2026-07-03,トマト,北海道,475,35627
2026-07-03,トマト,千葉,369,18727
2026-07-03,トマト,岩手,437,9632
2026-07-03,トマト,愛知,400,11223
2026-07-03,トマト,栃木,363,39233
2026-07-03,トマト,総計,454,158347
2026-07-04,トマト,北海道,507,24614
2026-07-04,トマト,千葉,385,20218
2026-07-04,トマト,岩手,444,12084
2026-07-04,トマト,栃木,401,38129
2026-07-04,トマト,総計,481,172562
2026-07-04,トマト,茨城,397,11504
2026-07-06,トマト,北海道,481,51145
2026-07-06,トマト,千葉,398,29114
2026-07-06,トマト,岩手,445,23785
2026-07-06,トマト,愛知,393,19248
2026-07-06,トマト,栃木,409,46872
2026-07-06,トマト,総計,460,255824
2026-07-07,トマト,北海道,496,34068
2026-07-07,トマト,千葉,417,18044
2026-07-07,トマト,愛知,398,11801
2026-07-07,トマト,栃木,422,44679
2026-07-07,トマト,福島,550,11917
2026-07-07,トマト,総計,486,188036
2026-07-09,トマト,北海道,504,62020
2026-07-09,トマト,千葉,405,28897
2026-07-09,トマト,岩手,452,23972
2026-07-09,トマト,愛知,420,21551
2026-07-09,トマト,栃木,423,48096
2026-07-09,トマト,総計,492,296598
2026-07-10,トマト,北海道,529,29662
2026-07-10,トマト,千葉,420,13554
2026-07-10,トマト,岩手,456,14440
2026-07-10,トマト,栃木,432,13247
2026-07-10,トマト,総計,517,141828
2026-07-10,トマト,青森,551,12658
2026-07-11,トマト,北海道,535,39450
2026-07-11,トマト,千葉,425,14369
2026-07-11,トマト,岩手,461,12661
2026-07-11,トマト,栃木,442,28144
2026-07-11,トマト,総計,517,181263
2026-07-11,トマト,青森,546,14460
2026-07-13,トマト,北海道,508,64952
2026-07-13,トマト,千葉,421,17169
2026-07-13,トマト,岩手,458,26267
2026-07-13,トマト,秋田,436,19308
2026-07-13,トマト,総計,494,227686
2026-07-13,トマト,青森,549,21669
2026-07-14,トマト,北海道,548,34140
2026-07-14,トマト,千葉,440,12846
2026-07-14,トマト,岩手,448,15522
2026-07-14,トマト,栃木,494,13512
2026-07-14,トマト,総計,513,168735
2026-07-14,トマト,青森,512,23647
2026-07-16,トマト,北海道,508,74239
2026-07-16,トマト,岩手,449,36450
2026-07-16,トマト,秋田,448,21834
2026-07-16,トマト,総計,510,289559
2026-07-16,トマト,群馬,461,28530
2026-07-16,トマト,青森,552,26950
2026-07-17,トマト,北海道,531,48748
2026-07-17,トマト,千葉,450,17363
2026-07-17,トマト,岩手,447,16855
2026-07-17,トマト,総計,531,179648
2026-07-17,トマト,群馬,476,16051
2026-07-17,トマト,青森,524,20484
2026-07-18,トマト,北海道,535,41934
2026-07-18,トマト,千葉,446,13802
2026-07-18,トマト,岩手,448,15633
2026-07-18,トマト,総計,521,189196
2026-07-18,トマト,群馬,477,17353
2026-07-18,トマト,青森,498,24799
2026-07-21,トマト,北海道,501,123840
2026-07-21,トマト,岩手,428,55429
2026-07-21,トマト,秋田,429,45621
2026-07-21,トマト,総計,473,567326
2026-07-21,トマト,群馬,425,91869
2026-07-21,トマト,青森,472,70464
2026-07-23,トマト,北海道,459,96338
2026-07-23,トマト,岩手,406,54604
2026-07-23,トマト,秋田,396,33795
2026-07-23,トマト,総計,452,420400
2026-07-23,トマト,群馬,427,55417
2026-07-23,トマト,青森,437,50017
2026-07-24,トマト,北海道,488,51523
2026-07-24,トマト,岩手,405,26707
2026-07-24,トマト,秋田,397,15963
2026-07-24,トマト,総計,473,204926
2026-07-24,トマト,群馬,428,25185
2026-07-24,トマト,青森,446,29633
2026-07-25,トマト,北海道,481,48847
2026-07-25,トマト,岩手,396,27046
2026-07-25,トマト,福島,513,18292
2026-07-25,トマト,総計,467,233667
2026-07-25,トマト,群馬,412,34726
2026-07-25,トマト,青森,445,33819
2026-07-27,トマト,北海道,457,79424
2026-07-27,トマト,岩手,398,43097
2026-07-27,トマト,福島,426,22903
2026-07-27,トマト,総計,435,329117
2026-07-27,トマト,群馬,398,58546
2026-07-27,トマト,青森,407,43994
2026-07-28,トマト,北海道,463,52683
2026-07-28,トマト,岐阜,450,14145
2026-07-28,トマト,岩手,396,14750
2026-07-28,トマト,総計,461,186344
2026-07-28,トマト,群馬,396,25924
2026-07-28,トマト,青森,433,22564
2026-07-30,トマト,北海道,431,97477
2026-07-30,トマト,岩手,399,28277
2026-07-30,トマト,福島,482,27978
2026-07-30,トマト,総計,457,314619
2026-07-30,トマト,群馬,410,50343
2026-07-30,トマト,青森,437,34622
2026-07-31,トマト,北海道,492,33870
2026-07-31,トマト,岐阜,455,12099
2026-07-31,トマト,福島,449,12486
2026-07-31,トマト,総計,482,144196
2026-07-31,トマト,群馬,384,24399
2026-07-31,トマト,青森,447,15952
2026-08-01,トマト,北海道,459,38929
2026-08-01,トマト,岐阜,461,12945
2026-08-01,トマト,福島,507,19761
2026-08-01,トマト,総計,486,167695
2026-08-01,トマト,群馬,392,26634
2026-08-01,トマト,青森,471,21424
2026-08-03,トマト,北海道,468,59246
2026-08-03,トマト,岐阜,458,31869
2026-08-03,トマト,福島,487,28919
2026-08-03,トマト,総計,461,272370
2026-08-03,トマト,群馬,397,49836
2026-08-03,トマト,青森,482,25862
2026-08-04,トマト,北海道,497,36599
2026-08-04,トマト,岐阜,458,22086
2026-08-04,トマト,福島,537,19324
2026-08-04,トマト,総計,483,174543
2026-08-04,トマト,群馬,421,28899
2026-08-04,トマト,青森,445,19311
2026-08-06,トマト,北海道,467,63029
2026-08-06,トマト,岩手,424,34859
2026-08-06,トマト,福島,524,42248
2026-08-06,トマト,総計,467,316992
2026-08-06,トマト,群馬,410,69445
2026-08-06,トマト,青森,468,29277
2026-08-07,トマト,北海道,475,35246
2026-08-07,トマト,岐阜,448,21771
2026-08-07,トマト,福島,529,19592
2026-08-07,トマト,総計,476,176605
2026-08-07,トマト,群馬,415,36798
2026-08-07,トマト,青森,473,20394
2026-08-08,トマト,北海道,481,40208
2026-08-08,トマト,岐阜,480,25895
2026-08-08,トマト,福島,543,22932
2026-08-08,トマト,総計,496,175494
2026-08-08,トマト,群馬,422,29392
2026-08-08,トマト,青森,492,15033
2026-08-10,トマト,北海道,479,80438
2026-08-10,トマト,岐阜,459,62643
2026-08-10,トマト,福島,502,31964
2026-08-10,トマト,総計,473,329631
2026-08-10,トマト,群馬,437,56069
2026-08-10,トマト,青森,473,31617
